2016-04-08,0:00,0.469727132
2016-04-09,0:00,14.41350201
2016-04-10,0:00,22.48926146
2016-04-11,0:00,17.56819618
2016-04-12,0:00,8.466486429
2016-04-13,0:00,6.818196106
2016-04-14,0:00,5.688650222
2016-04-15,0:00,5.291677734
2016-04-16,0:00,4.934213764
2016-04-17,0:00,5.825278465
2016-04-18,0:00,5.554185701
2016-04-19,0:00,6.691467896
2016-04-20,0:00,11.66278038
2016-04-21,0:00,8.795021058
2016-04-22,0:00,9.256635236
2016-04-23,0:00,8.437034088
2016-04-24,0:00,6.01084554
2016-04-25,0:00,5.058467251
2016-04-26,0:00,4.554261606
2016-04-27,0:00,4.012932795
2016-04-28,0:00,3.871584821
2016-04-29,0:00,3.5493336
2016-04-30,0:00,3.435297953
2016-05-01,0:00,3.308007897
2016-05-02,0:00,3.168628593
2016-05-03,0:00,3.214642102
2016-05-04,0:00,3.048087498
2016-05-05,0:00,2.930657855
2016-05-06,0:00,2.83042683
2016-05-07,0:00,2.916195868
2016-05-08,0:00,2.887415485
2016-05-09,0:00,2.887415485
2016-05-10,0:00,2.788183398
2016-05-11,0:00,2.70496783
2016-05-12,0:00,2.636906025
2016-05-13,0:00,2.650425504
2016-05-14,0:00,2.543560988
2016-05-15,0:00,2.570001211
2016-05-16,0:00,2.583290097
2016-05-17,0:00,2.543560988
2016-05-18,0:00,2.439622303
2016-05-19,0:00,2.401391202
2016-05-20,0:00,2.301408261
2016-05-21,0:00,2.326137262
2016-05-22,0:00,2.313750628
2016-05-23,0:00,2.760257072
2016-05-24,0:00,2.916195868
2016-05-25,0:00,2.718719916
2016-05-26,0:00,2.623432825
2016-05-27,0:00,2.478259055
2016-05-28,0:00,2.363563579
2016-05-29,0:00,2.264645963
2016-05-30,0:00,2.204253322
2016-05-31,0:00,2.204253322
2016-06-01,0:00,2.075207269
2016-06-02,0:00,2.109885222
2016-06-03,0:00,2.040913259
2016-06-04,0:00,2.052302069
2016-06-05,0:00,1.962374839
2016-06-06,0:00,1.984603896
2016-06-07,0:00,1.973468399
2016-06-08,0:00,1.929344982
2016-06-09,0:00,2.007001026
2016-06-10,0:00,1.929344982
2016-06-11,0:00,2.018262818
2016-06-12,0:00,1.91841837
2016-06-13,0:00,1.896689675
2016-06-14,0:00,1.940313211
2016-06-15,0:00,1.853728151
2016-06-16,0:00,1.896689675
2016-06-17,0:00,1.728764298
2016-06-18,0:00,1.769770597
2016-06-19,0:00,1.790515903
2016-06-20,0:00,1.769770597
2016-06-21,0:00,1.769770597
2016-06-22,0:00,1.759458603
2016-06-23,0:00,1.718613155
2016-06-24,0:00,1.790515903
2016-06-25,0:00,1.668456014
2016-06-26,0:00,1.648670997
2016-06-27,0:00,1.629043783
2016-06-28,0:00,1.65854374
2016-06-29,0:00,1.728764298
2016-06-30,0:00,1.864406749
2016-07-01,0:00,1.885887431
2016-07-02,0:00,1.728764298
2016-07-03,0:00,1.688399475
2016-07-04,0:00,1.668456014
2016-07-05,0:00,1.65854374
2016-07-06,0:00,1.688399475
2016-07-07,0:00,1.780123003
2016-07-08,0:00,1.864406749
2016-07-09,0:00,2.018262818
2016-07-10,0:00,1.896689675
2016-07-11,0:00,1.780123003
2016-07-12,0:00,1.708502023
2016-07-13,0:00,1.668456014
2016-07-14,0:00,1.708502023
2016-07-15,0:00,1.619289152
2016-07-16,0:00,1.619289152
2016-07-17,0:00,1.648670997
2016-07-18,0:00,1.571102553
2016-07-19,0:00,1.580661933
2016-07-20,0:00,1.561581983
2016-07-21,0:00,1.638837705
2016-07-22,0:00,1.523886201
2016-07-23,0:00,1.533252332
2016-07-24,0:00,1.533252332
2016-07-25,0:00,1.514558479
2016-07-26,0:00,1.523886201
2016-07-27,0:00,1.505269086
2016-07-28,0:00,1.477630083
2016-07-29,0:00,1.477630083
2016-07-30,0:00,1.468493207
2016-07-31,0:00,1.459394259
2016-08-01,0:00,1.459394259
2016-08-02,0:00,1.441309832
2016-08-03,0:00,1.414465656
2016-08-04,0:00,1.441309832
2016-08-05,0:00,1.441309832
2016-08-06,0:00,1.405592602
2016-08-07,0:00,1.396756916
2016-08-08,0:00,1.396756916
2016-08-09,0:00,1.405592602
2016-08-10,0:00,1.396756916
2016-08-11,0:00,1.459394259
2016-08-12,0:00,1.387958519
2016-08-13,0:00,1.396756916
2016-08-14,0:00,1.37919733
2016-08-15,0:00,1.353136217
2016-08-16,0:00,1.318904135
2016-08-17,0:00,1.327407102
2016-08-18,0:00,1.405592602
2016-08-19,0:00,1.344523064
2016-08-20,0:00,1.353136217
2016-08-21,0:00,1.353136217
2016-08-22,0:00,1.318904135
2016-08-23,0:00,1.327407102
2016-08-24,0:00,1.302007826
2016-08-25,0:00,1.353136217
2016-08-26,0:00,1.293614324
2016-08-27,0:00,1.302007826
2016-08-28,0:00,1.353136217
2016-08-29,0:00,1.293614324
2016-08-30,0:00,1.353136217
2016-08-31,0:00,1.244013425
2016-09-01,0:00,1.302007826
2016-09-02,0:00,1.235872547
2016-09-03,0:00,1.195703098
2016-09-04,0:00,1.211664209
2016-09-05,0:00,1.187775637
2016-09-06,0:00,1.187775637
2016-09-07,0:00,1.164204674
2016-09-08,0:00,1.344523064
2016-09-09,0:00,1.195703098
2016-09-10,0:00,1.211664209
2016-09-11,0:00,1.179883466
2016-09-12,0:00,1.164204674
2016-09-13,0:00,1.140949164
2016-09-14,0:00,1.140949164
2016-09-15,0:00,1.211664209
2016-09-16,0:00,1.140949164
2016-09-17,0:00,1.133267055
2016-09-18,0:00,1.140949164
2016-09-19,0:00,1.095375875
2016-09-20,0:00,1.133267055
2016-09-21,0:00,1.172026505
2016-09-22,0:00,1.335946719
2016-09-23,0:00,1.285257152
2016-09-24,0:00,1.244013425
2016-09-25,0:00,1.285257152
2016-09-26,0:00,1.327407102
2016-09-27,0:00,1.276936229
2016-09-28,0:00,1.244013425
2016-09-29,0:00,1.450333161
2016-09-30,0:00,1.353136217
2016-10-01,0:00,1.327407102
2016-10-02,0:00,1.302007826
2016-10-03,0:00,1.36178626
2016-10-04,0:00,1.496017942
2016-10-05,0:00,1.599897442
2016-10-06,0:00,1.450333161
2016-10-07,0:00,1.459394259
2016-10-08,0:00,1.335946719
2016-10-09,0:00,1.244013425
2016-10-10,0:00,1.235872547
2016-10-11,0:00,1.268651474
2016-10-12,0:00,1.268651474
2016-10-13,0:00,1.318904135
2016-10-14,0:00,1.219698019
2016-10-15,0:00,1.211664209
2016-10-16,0:00,1.195703098
2016-10-17,0:00,1.211664209
2016-10-18,0:00,1.235872547
2016-10-19,0:00,1.235872547
2016-10-20,0:00,1.268651474
2016-10-21,0:00,1.235872547
2016-10-22,0:00,1.37919733
2016-10-23,0:00,1.318904135
2016-10-24,0:00,1.276936229
2016-10-25,0:00,1.195703098
2016-10-26,0:00,1.235872547
2016-10-27,0:00,1.235872547
2016-10-28,0:00,1.459394259
2016-10-29,0:00,1.252190152
2016-10-30,0:00,1.227767438
2016-10-31,0:00,1.244013425
2016-11-01,0:00,1.211664209
2016-11-02,0:00,1.172026505
2016-11-03,0:00,1.219698019
2016-11-04,0:00,1.125619676
2016-11-05,0:00,1.148666083
2016-11-06,0:00,1.118006949
2016-11-07,0:00,1.133267055
2016-11-08,0:00,1.110428793
2016-11-09,0:00,1.211664209
2016-11-10,0:00,1.211664209
2016-11-11,0:00,1.133267055
2016-11-12,0:00,1.080460283
2016-11-13,0:00,1.133267055
2016-11-14,0:00,1.065681379
2016-11-15,0:00,1.036531082
2016-11-16,0:00,0.993814838
2016-11-17,0:00,1.118006949
2016-11-18,0:00,1.065681379
2016-11-19,0:00,1.095375875
2016-11-20,0:00,1.043767917
2016-11-21,0:00,1.036531082
2016-11-22,0:00,1.022158412
2016-11-23,0:00,1.087900953
2016-11-24,0:00,1.125619676
2016-11-25,0:00,1.022158412
2016-11-26,0:00,1.058342986
2016-11-27,0:00,1.043767917
2016-11-28,0:00,1.080460283
2016-11-29,0:00,1.065681379
2016-11-30,0:00,1.073053785
2016-12-01,0:00,1.125619676
2016-12-02,0:00,1.080460283
2016-12-03,0:00,1.133267055
2016-12-04,0:00,1.244013425
2016-12-05,0:00,1.514558479
2016-12-06,0:00,1.648670997
2016-12-07,0:00,1.302007826
2016-12-08,0:00,1.318904135
2016-12-09,0:00,1.450333161
2016-12-10,0:00,1.91841837
2016-12-11,0:00,1.821938364
2016-12-12,0:00,1.468493207
2016-12-13,0:00,1.335946719
2016-12-14,0:00,1.293614324
2016-12-15,0:00,1.302007826
2016-12-16,0:00,1.468493207
2016-12-17,0:00,1.327407102
2016-12-18,0:00,1.327407102
2016-12-19,0:00,1.276936229
2016-12-20,0:00,1.293614324
2016-12-21,0:00,1.293614324
2016-12-22,0:00,1.590260202
2016-12-23,0:00,1.396756916
2016-12-24,0:00,1.293614324
2016-12-25,0:00,1.235872547
2016-12-26,0:00,1.244013425
2016-12-27,0:00,1.629043783
2016-12-28,0:00,1.450333161
2016-12-29,0:00,1.387958519
2016-12-30,0:00,1.590260202
2016-12-31,0:00,2.075207269
2017-01-01,0:00,3.214642102
2017-01-02,0:00,2.491228492
2017-01-03,0:00,5.733951691
2017-01-04,0:00,9.541245622
2017-01-05,0:00,11.99479496
2017-01-06,0:00,10.26151479
2017-01-07,0:00,7.612479181
2017-01-08,0:00,11.48101672
2017-01-09,0:00,7.503171993
2017-01-10,0:00,7.91856431
2017-01-11,0:00,10.36246831
2017-01-12,0:00,8.555256592
2017-01-13,0:00,14.7530645
2017-01-14,0:00,17.0917276
2017-01-15,0:00,31.05656716
2017-01-16,0:00,55.58758837
2017-01-17,0:00,80.57247104
2017-01-18,0:00,76.50755199
2017-01-19,0:00,60.29251447
2017-01-20,0:00,34.41115513
2017-01-21,0:00,45.00492387
2017-01-22,0:00,32.48678546
2017-01-23,0:00,44.01886382
2017-01-24,0:00,67.01010785
2017-01-25,0:00,78.32587001
2017-01-26,0:00,89.84706479
2017-01-27,0:00,77.9338198
2017-01-28,0:00,84.77960557
2017-01-29,0:00,34.03531075
2017-01-30,0:00,20.88384901
2017-01-31,0:00,17.37655518
2017-02-01,0:00,21.10056411
2017-02-02,0:00,13.66871407
2017-02-03,0:00,14.66767693
2017-02-04,0:00,11.22975023
2017-02-05,0:00,9.669598624
2017-02-06,0:00,13.62811057
2017-02-07,0:00,11.37287487
2017-02-08,0:00,14.03779896
2017-02-09,0:00,24.23493066
2017-02-10,0:00,23.81977073
2017-02-11,0:00,46.55776924
2017-02-12,0:00,52.5249067
2017-02-13,0:00,64.33477984
2017-02-14,0:00,61.28663669
2017-02-15,0:00,44.73454615
2017-02-16,0:00,31.83784735
2017-02-17,0:00,54.86254432
2017-02-18,0:00,38.89413227
2017-02-19,0:00,22.37597695
2017-02-20,0:00,35.86471888
2017-02-21,0:00,29.2611848
2017-02-22,0:00,18.79812592
2017-02-23,0:00,20.34859599
2017-02-24,0:00,37.91966742
2017-02-25,0:00,34.63799096
2017-02-26,0:00,58.76766938
2017-02-27,0:00,95.11355161
2017-02-28,0:00,114.3244741
2017-03-01,0:00,79.50994448
2017-03-02,0:00,42.09037373
2017-03-03,0:00,32.77802435
2017-03-04,0:00,43.57548118
2017-03-05,0:00,27.86289387
2017-03-06,0:00,37.51851653
2017-03-07,0:00,28.45654693
2017-03-08,0:00,34.33576495
2017-03-09,0:00,34.41115513
2017-03-10,0:00,57.69445968
2017-03-11,0:00,47.02122508
2017-03-12,0:00,33.81112967
2017-03-13,0:00,22.6599077
2017-03-14,0:00,21.10056411
2017-03-15,0:00,27.92844163
2017-03-16,0:00,36.17588326
2017-03-17,0:00,32.99759777
2017-03-18,0:00,34.26048549
2017-03-19,0:00,20.66863019
2017-03-20,0:00,21.64893263
2017-03-21,0:00,16.16491637
2017-03-22,0:00,13.22651088
2017-03-23,0:00,18.94948195
2017-03-24,0:00,21.26408554
2017-03-25,0:00,30.14992312
2017-03-26,0:00,32.48678546
2017-03-27,0:00,23.23499064
2017-03-28,0:00,24.95786326
2017-03-29,0:00,28.5896105
2017-03-30,0:00,32.19728536
2017-03-31,0:00,44.82455079
2017-04-01,0:00,38.48609164
2017-04-02,0:00,24.53442293
2017-04-03,0:00,43.48716523
2017-04-04,0:00,26.25750853
2017-04-05,0:00,29.46469848
2017-04-06,0:00,16.21043714
2017-04-07,0:00,15.40411148
2017-04-08,0:00,16.57769907
2017-04-09,0:00,13.18679264
2017-04-10,0:00,13.14715438
2017-04-11,0:00,12.83291806
2017-04-12,0:00,10.87722872
2017-04-13,0:00,15.05454287
2017-04-14,0:00,11.99479496
2017-04-15,0:00,9.0700901
2017-04-16,0:00,8.146276889
2017-04-17,0:00,7.612479181
2017-04-18,0:00,10.09472685
2017-04-19,0:00,10.49810509
2017-04-20,0:00,7.476010486
2017-04-21,0:00,6.418240749
2017-04-22,0:00,5.598767876
2017-04-23,0:00,6.345043825
2017-04-24,0:00,6.248320818
2017-04-25,0:00,5.531984078
2017-04-26,0:00,4.954779042
2017-04-27,0:00,5.643589167
2017-04-28,0:00,7.585053047
2017-04-29,0:00,10.26151479
2017-04-30,0:00,17.18631981
2017-05-01,0:00,12.33308315
2017-05-02,0:00,8.977769465
2017-05-03,0:00,7.421885249
2017-05-04,0:00,8.407650468
2017-05-05,0:00,7.667530609
2017-05-06,0:00,9.864289195
2017-05-07,0:00,12.33308315
2017-05-08,0:00,9.831660066
2017-05-09,0:00,8.76480741
2017-05-10,0:00,6.946522322
2017-05-11,0:00,6.97238022
2017-05-12,0:00,6.616193785
2017-05-13,0:00,5.666089683
2017-05-14,0:00,4.996081719
2017-05-15,0:00,4.731697228
2017-05-16,0:00,5.142456864
2017-05-17,0:00,5.576446939
2017-05-18,0:00,4.632561106
2017-05-19,0:00,4.103007518
2017-05-20,0:00,3.977277135
2017-05-21,0:00,4.103007518
2017-05-22,0:00,4.612902357
2017-05-23,0:00,5.509841992
2017-05-24,0:00,5.163599255
2017-05-25,0:00,4.554261606
2017-05-26,0:00,4.121183494
2017-05-27,0:00,3.871584821
2017-05-28,0:00,4.3624024
2017-05-29,0:00,4.593299578
2017-05-30,0:00,4.996081719
2017-05-31,0:00,4.672046836
2017-06-01,0:00,5.291677734
2017-06-02,0:00,4.476853735
2017-06-03,0:00,4.996081719
2017-06-04,0:00,4.573752688
2017-06-05,0:00,3.995078315
2017-06-06,0:00,3.665877985
2017-06-07,0:00,3.532889843
2017-06-08,0:00,3.308007897
2017-06-09,0:00,3.092923568
2017-06-10,0:00,2.887415485
2017-06-11,0:00,2.930657855
2017-06-12,0:00,2.802217269
2017-06-13,0:00,2.718719916
2017-06-14,0:00,2.650425504
2017-06-15,0:00,2.623432825
2017-06-16,0:00,2.556758201
2017-06-17,0:00,2.452456041
2017-06-18,0:00,2.289110081
2017-06-19,0:00,2.276856009
2017-06-20,0:00,2.228279183
2017-06-21,0:00,2.276856009
2017-06-22,0:00,2.21624444
2017-06-23,0:00,2.192305748
2017-06-24,0:00,2.063733379
2017-06-25,0:00,2.086723819
2017-06-26,0:00,2.075207269
2017-06-27,0:00,2.040913259
2017-06-28,0:00,2.018262818
2017-06-29,0:00,2.018262818
2017-06-30,0:00,1.962374839
2017-07-01,0:00,2.052302069
2017-07-02,0:00,2.109885222
2017-07-03,0:00,2.83042683
2017-07-04,0:00,2.439622303
2017-07-05,0:00,2.313750628
2017-07-06,0:00,2.144949289
2017-07-07,0:00,2.075207269
2017-07-08,0:00,1.984603896
2017-07-09,0:00,1.929344982
2017-07-10,0:00,1.962374839
2017-07-11,0:00,1.929344982
2017-07-12,0:00,1.907533295
2017-07-13,0:00,1.821938364
2017-07-14,0:00,1.718613155
2017-07-15,0:00,1.728764298
2017-07-16,0:00,1.648670997
2017-07-17,0:00,1.749186942
2017-07-18,0:00,1.698430823
2017-07-19,0:00,1.688399475
2017-07-20,0:00,1.648670997
2017-07-21,0:00,1.523886201
2017-07-22,0:00,1.542656953
2017-07-23,0:00,1.505269086
2017-07-24,0:00,1.580661933
2017-07-25,0:00,1.542656953
2017-07-26,0:00,1.514558479
2017-07-27,0:00,1.514558479
2017-07-28,0:00,1.432324191
2017-07-29,0:00,1.450333161
2017-07-30,0:00,1.450333161
2017-07-31,0:00,1.505269086
2017-08-01,0:00,1.496017942
2017-08-02,0:00,1.468493207
2017-08-03,0:00,1.414465656
2017-08-04,0:00,1.353136217
2017-08-05,0:00,1.405592602
2017-08-06,0:00,1.353136217
2017-08-07,0:00,1.37919733
2017-08-08,0:00,1.353136217
2017-08-09,0:00,1.353136217
2017-08-10,0:00,1.344523064
2017-08-11,0:00,1.344523064
2017-08-12,0:00,1.335946719
2017-08-13,0:00,1.335946719
2017-08-14,0:00,1.353136217
2017-08-15,0:00,1.353136217
2017-08-16,0:00,1.327407102
2017-08-17,0:00,1.327407102
2017-08-18,0:00,1.335946719
2017-08-19,0:00,1.327407102
2017-08-20,0:00,1.276936229
2017-08-21,0:00,1.252190152
2017-08-22,0:00,1.252190152
2017-08-23,0:00,1.268651474
2017-08-24,0:00,1.293614324
2017-08-25,0:00,1.327407102
2017-08-26,0:00,1.327407102
2017-08-27,0:00,1.293614324
2017-08-28,0:00,1.293614324
2017-08-29,0:00,1.302007826
2017-08-30,0:00,1.353136217
2017-08-31,0:00,1.405592602
2017-09-01,0:00,1.396756916
2017-09-02,0:00,1.353136217
2017-09-03,0:00,1.344523064
2017-09-04,0:00,1.327407102
2017-09-05,0:00,1.335946719
2017-09-06,0:00,1.318904135
2017-09-07,0:00,1.327407102
2017-09-08,0:00,1.405592602
2017-09-09,0:00,1.387958519
2017-09-10,0:00,1.36178626
2017-09-11,0:00,1.327407102
2017-09-12,0:00,1.387958519
2017-09-13,0:00,1.353136217
2017-09-14,0:00,1.36178626
2017-09-15,0:00,1.36178626
2017-09-16,0:00,1.387958519
2017-09-17,0:00,1.468493207
2017-09-18,0:00,1.65854374
2017-09-19,0:00,1.843090607
2017-09-20,0:00,1.780123003
2017-09-21,0:00,1.523886201
2017-09-22,0:00,1.450333161
2017-09-23,0:00,1.896689675
2017-09-24,0:00,1.432324191
2017-09-25,0:00,1.533252332
2017-09-26,0:00,1.864406749
2017-09-27,0:00,1.65854374
2017-09-28,0:00,1.571102553
2017-09-29,0:00,1.441309832
2017-09-30,0:00,1.405592602
2017-10-01,0:00,1.387958519
2017-10-02,0:00,1.344523064
2017-10-03,0:00,1.252190152
2017-10-04,0:00,1.285257152
2017-10-05,0:00,1.335946719
2017-10-06,0:00,1.302007826
2017-10-07,0:00,1.327407102
2017-10-08,0:00,1.496017942
2017-10-09,0:00,1.227767438
2017-10-10,0:00,1.293614324
2017-10-11,0:00,1.302007826
2017-10-12,0:00,1.353136217
2017-10-13,0:00,2.144949289
2017-10-14,0:00,1.523886201
2017-10-15,0:00,2.746364456
2017-10-16,0:00,4.157697123
2017-10-17,0:00,4.287200938
2017-10-18,0:00,3.500155603
2017-10-19,0:00,2.930657855
2017-10-20,0:00,2.478259055
2017-10-21,0:00,2.746364456
2017-10-22,0:00,2.732518764
2017-10-23,0:00,2.556758201
2017-10-24,0:00,2.313750628
2017-10-25,0:00,2.264645963
2017-10-26,0:00,2.109885222
2017-10-27,0:00,1.984603896
2017-10-28,0:00,2.168540912
2017-10-29,0:00,2.313750628
2017-10-30,0:00,3.500155603
2017-10-31,0:00,2.478259055
2017-11-01,0:00,2.156723489
2017-11-02,0:00,1.907533295
2017-11-03,0:00,1.885887431
2017-11-04,0:00,1.843090607
2017-11-05,0:00,1.800949376
2017-11-06,0:00,1.780123003
2017-11-07,0:00,2.228279183
2017-11-08,0:00,1.853728151
2017-11-09,0:00,1.668456014
2017-11-10,0:00,1.65854374
2017-11-11,0:00,1.718613155
2017-11-12,0:00,2.109885222
2017-11-13,0:00,2.439622303
2017-11-14,0:00,2.109885222
2017-11-15,0:00,1.940313211
2017-11-16,0:00,1.853728151
2017-11-17,0:00,1.896689675
2017-11-18,0:00,2.452456041
2017-11-19,0:00,2.610005824
2017-11-20,0:00,2.439622303
2017-11-21,0:00,1.929344982
2017-11-22,0:00,1.843090607
2017-11-23,0:00,1.749186942
2017-11-24,0:00,2.663991344
2017-11-25,0:00,2.650425504
2017-11-26,0:00,2.264645963
2017-11-27,0:00,2.204253322
2017-11-28,0:00,4.400332312
2017-11-29,0:00,7.128883019
2017-11-30,0:00,5.825278465
2017-12-01,0:00,6.691467896
2017-12-02,0:00,5.016819279
2017-12-03,0:00,4.103007518
2017-12-04,0:00,3.123058438
2017-12-05,0:00,2.816298386
2017-12-06,0:00,2.650425504
2017-12-07,0:00,2.452456041
2017-12-08,0:00,2.276856009
2017-12-09,0:00,2.465334931
2017-12-10,0:00,2.732518764
2017-12-11,0:00,2.326137262
2017-12-12,0:00,2.063733379
2017-12-13,0:00,1.962374839
2017-12-14,0:00,2.086723819
2017-12-15,0:00,2.144949289
2017-12-16,0:00,2.401391202
2017-12-17,0:00,2.192305748
2017-12-18,0:00,2.530409491
2017-12-19,0:00,3.230078838
2017-12-20,0:00,3.649074141
2017-12-21,0:00,4.012932795
2017-12-22,0:00,4.954779042
2017-12-23,0:00,5.334838843
2017-12-24,0:00,5.576446939
2017-12-25,0:00,6.176430388
2017-12-26,0:00,6.741968069
2017-12-27,0:00,6.393779262
2017-12-28,0:00,9.194170709
2017-12-29,0:00,8.290801567
2017-12-30,0:00,6.946522322
2017-12-31,0:00,11.69936294
2018-01-01,0:00,8.26176033
2018-01-02,0:00,29.3289177
2018-01-03,0:00,31.26835467
2018-01-04,0:00,35.47829157
2018-01-05,0:00,26.70059254
2018-01-06,0:00,19.30581659
2018-01-07,0:00,33.43969664
2018-01-08,0:00,34.8658264
2018-01-09,0:00,33.96047342
2018-01-10,0:00,43.57548118
2018-01-11,0:00,30.70572734
2018-01-12,0:00,31.12705587
2018-01-13,0:00,33.51376342
2018-01-14,0:00,19.15255707
2018-01-15,0:00,13.50678507
2018-01-16,0:00,13.62811057
2018-01-17,0:00,16.30173617
2018-01-18,0:00,19.77052089
2018-01-19,0:00,28.25773054
2018-01-20,0:00,21.98249257
2018-01-21,0:00,31.05656716
2018-01-22,0:00,25.20201323
2018-01-23,0:00,33.73662307
2018-01-24,0:00,41.31805121
2018-01-25,0:00,26.0065434
2018-01-26,0:00,20.66863019
2018-01-27,0:00,25.26329973
2018-01-28,0:00,16.623995
2018-01-29,0:00,12.18195451
2018-01-30,0:00,13.22651088
2018-01-31,0:00,12.71638932
2018-02-01,0:00,9.669598624
2018-02-02,0:00,9.637402605
2018-02-03,0:00,16.43932967
2018-02-04,0:00,11.55349269
2018-02-05,0:00,19.05083823
2018-02-06,0:00,12.56212337
2018-02-07,0:00,10.32874355
2018-02-08,0:00,15.71440971
2018-02-09,0:00,21.20948441
2018-02-10,0:00,15.84866653
2018-02-11,0:00,20.9378873
2018-02-12,0:00,13.46650463
2018-02-13,0:00,23.81977073
2018-02-14,0:00,24.53442293
2018-02-15,0:00,24.95786326
2018-02-16,0:00,46.37324719
2018-02-17,0:00,46.00567422
2018-02-18,0:00,27.99409262
2018-02-19,0:00,39.55300921
2018-02-20,0:00,32.0531857
2018-02-21,0:00,34.71382493
2018-02-22,0:00,44.19705977
2018-02-23,0:00,26.70059254
2018-02-24,0:00,25.38617214
2018-02-25,0:00,18.44811614
2018-02-26,0:00,32.0531857
2018-02-27,0:00,73.70768775
2018-02-28,0:00,60.29251447
2018-03-01,0:00,44.73454615
2018-03-02,0:00,79.24578772
2018-03-03,0:00,51.52971436
2018-03-04,0:00,49.28887968
2018-03-05,0:00,44.82455079
2018-03-06,0:00,47.67524123
2018-03-07,0:00,49.96381418
2018-03-08,0:00,70.00150596
2018-03-09,0:00,66.89226756
2018-03-10,0:00,79.1139301
2018-03-11,0:00,47.67524123
2018-03-12,0:00,45.36712759
2018-03-13,0:00,61.73197113
2018-03-14,0:00,70.48827844
2018-03-15,0:00,41.74593611
2018-03-16,0:00,32.85110637
2018-03-17,0:00,29.2611848
2018-03-18,0:00,47.86321603
2018-03-19,0:00,26.25750853
2018-03-20,0:00,33.96047342
2018-03-21,0:00,26.25750853
2018-03-22,0:00,44.19705977
2018-03-23,0:00,59.6358044
2018-03-24,0:00,44.55490027
2018-03-25,0:00,32.41424763
2018-03-26,0:00,26.4467935
2018-03-27,0:00,27.40694305
2018-03-28,0:00,26.06913334
2018-03-29,0:00,16.85677443
2018-03-30,0:00,14.03779896
2018-03-31,0:00,11.15864266
2018-04-01,0:00,9.287973841
2018-04-02,0:00,8.85565753
2018-04-03,0:00,8.088942934
2018-04-04,0:00,9.350864139
2018-04-05,0:00,15.58091699
2018-04-06,0:00,14.83878446
2018-04-07,0:00,14.20395749
2018-04-08,0:00,10.73832243
2018-04-09,0:00,15.01122418
2018-04-10,0:00,13.70939853
2018-04-11,0:00,12.44725031
2018-04-12,0:00,12.56212337
2018-04-13,0:00,9.414039101
2018-04-14,0:00,10.77293691
2018-04-15,0:00,11.92047388
2018-04-16,0:00,8.437034088
2018-04-17,0:00,7.181568918
2018-04-18,0:00,6.616193785
2018-04-19,0:00,6.10509623
2018-04-20,0:00,5.964087957
2018-04-21,0:00,7.287722068
2018-04-22,0:00,6.01084554
2018-04-23,0:00,6.998302526
2018-04-24,0:00,13.87294772
2018-04-25,0:00,14.32943745
2018-04-26,0:00,20.77605289
2018-04-27,0:00,16.71684658
2018-04-28,0:00,12.83291806
2018-04-29,0:00,15.98368966
2018-04-30,0:00,11.88342931
2018-05-01,0:00,9.669598624
2018-05-02,0:00,11.19415862
2018-05-03,0:00,8.232787325
2018-05-04,0:00,7.15519348
2018-05-05,0:00,7.448914932
2018-05-06,0:00,7.530399535
2018-05-07,0:00,8.003449875
2018-05-08,0:00,7.024289321
2018-05-09,0:00,6.176430388
2018-05-10,0:00,6.27240829
2018-05-11,0:00,5.576446939
2018-05-12,0:00,5.421867378
2018-05-13,0:00,5.142456864
2018-05-14,0:00,4.731697228
2018-05-15,0:00,4.343519861
2018-05-16,0:00,4.176034939
2018-05-17,0:00,3.995078315
2018-05-18,0:00,3.995078315
2018-05-19,0:00,3.854154475
2018-05-20,0:00,3.665877985
2018-05-21,0:00,3.649074141
2018-05-22,0:00,3.582374791
2018-05-23,0:00,3.516497204
2018-05-24,0:00,3.419210327
2018-05-25,0:00,3.33952887
2018-05-26,0:00,3.123058438
2018-05-27,0:00,3.123058438
2018-05-28,0:00,3.07792946
2018-05-29,0:00,3.003688976
2018-05-30,0:00,2.746364456
2018-05-31,0:00,2.760257072
2018-06-01,0:00,2.70496783
2018-06-02,0:00,2.718719916
2018-06-03,0:00,2.83042683
2018-06-04,0:00,3.516497204
2018-06-05,0:00,4.53482625
2018-06-06,0:00,3.767790923
2018-06-07,0:00,3.323743349
2018-06-08,0:00,3.123058438
2018-06-09,0:00,2.988986325
2018-06-10,0:00,3.092923568
2018-06-11,0:00,3.483864958
2018-06-12,0:00,3.107966533
2018-06-13,0:00,3.018440001
2018-06-14,0:00,3.403173253
2018-06-15,0:00,3.598972386
2018-06-16,0:00,3.323743349
2018-06-17,0:00,3.123058438
2018-06-18,0:00,3.003688976
2018-06-19,0:00,2.873096928
2018-06-20,0:00,2.746364456
2018-06-21,0:00,2.70496783
2018-06-22,0:00,2.650425504
2018-06-23,0:00,2.583290097
2018-06-24,0:00,2.556758201
2018-06-25,0:00,2.530409491
2018-06-26,0:00,2.478259055
2018-06-27,0:00,2.478259055
2018-06-28,0:00,2.465334931
2018-06-29,0:00,2.414089964
2018-06-30,0:00,2.363563579
2018-07-01,0:00,2.313750628
2018-07-02,0:00,2.301408261
2018-07-03,0:00,2.276856009
2018-07-04,0:00,2.204253322
2018-07-05,0:00,2.228279183
2018-07-06,0:00,2.168540912
2018-07-07,0:00,2.144949289
2018-07-08,0:00,2.052302069
2018-07-09,0:00,1.995781412
2018-07-10,0:00,1.995781412
2018-07-11,0:00,2.156723489
2018-07-12,0:00,2.204253322
2018-07-13,0:00,2.301408261
2018-07-14,0:00,2.289110081
2018-07-15,0:00,2.144949289
2018-07-16,0:00,2.168540912
2018-07-17,0:00,2.075207269
2018-07-18,0:00,2.040913259
2018-07-19,0:00,2.109885222
2018-07-20,0:00,2.228279183
2018-07-21,0:00,2.301408261
2018-07-22,0:00,2.873096928
2018-07-23,0:00,2.746364456
2018-07-24,0:00,2.570001211
2018-07-25,0:00,2.351043658
2018-07-26,0:00,2.228279183
2018-07-27,0:00,2.133218231
2018-07-28,0:00,2.075207269
2018-07-29,0:00,2.040913259
2018-07-30,0:00,1.929344982
2018-07-31,0:00,1.984603896
2018-08-01,0:00,1.984603896
2018-08-02,0:00,2.007001026
2018-08-03,0:00,2.018262818
2018-08-04,0:00,2.075207269
2018-08-05,0:00,2.007001026
2018-08-06,0:00,1.929344982
2018-08-07,0:00,1.995781412
2018-08-08,0:00,2.063733379
2018-08-09,0:00,2.018262818
2018-08-10,0:00,2.075207269
2018-08-11,0:00,2.121530236
2018-08-12,0:00,2.301408261
2018-08-13,0:00,2.109885222
2018-08-14,0:00,
2018-08-15,0:00,
2018-08-16,0:00,
2018-08-17,0:00,
2018-08-18,0:00,
2018-08-19,0:00,
2018-08-20,0:00,
2018-08-21,0:00,
2018-08-22,0:00,
2018-08-23,0:00,
2018-08-24,0:00,
2018-08-25,0:00,
2018-08-26,0:00,
2018-08-27,0:00,
2018-08-28,0:00,
2018-08-29,0:00,
2018-08-30,0:00,
2018-08-31,0:00,
2018-09-01,0:00,
2018-09-02,0:00,
2018-09-03,0:00,
2018-09-04,0:00,
2018-09-05,0:00,
2018-09-06,0:00,
2018-09-07,0:00,
2018-09-08,0:00,
2018-09-09,0:00,
2018-09-10,0:00,
2018-09-11,0:00,
2018-09-12,0:00,
2018-09-13,0:00,
2018-09-14,0:00,
2018-09-15,0:00,
2018-09-16,0:00,
2018-09-17,0:00,
2018-09-18,0:00,
2018-09-19,0:00,
2018-09-20,0:00,
2018-09-21,0:00,
2018-09-22,0:00,
2018-09-23,0:00,
2018-09-24,0:00,
2018-09-25,0:00,
2018-09-26,0:00,
2018-09-27,0:00,
2018-09-28,0:00,
2018-09-29,0:00,
2018-09-30,0:00,
2018-10-01,0:00,
2018-10-02,0:00,
2018-10-03,0:00,
2018-10-04,0:00,
2018-10-05,0:00,
2018-10-06,0:00,
2018-10-07,0:00,
2018-10-08,0:00,
2018-10-09,0:00,
2018-10-10,0:00,
2018-10-11,0:00,
2018-10-12,0:00,
2018-10-13,0:00,
2018-10-14,0:00,
2018-10-15,0:00,
2018-10-16,0:00,
2018-10-17,0:00,
2018-10-18,0:00,
2018-10-19,0:00,
2018-10-20,0:00,
2018-10-21,0:00,
2018-10-22,0:00,
2018-10-23,0:00,
2018-10-24,0:00,3.308007897
2018-10-25,0:00,3.403173253
2018-10-26,0:00,3.73361181
2018-10-27,0:00,3.73361181
2018-10-28,0:00,4.121183494
2018-10-29,0:00,4.103007518
2018-10-30,0:00,3.5493336
2018-10-31,0:00,4.832244739
2018-11-01,0:00,5.079377824
2018-11-02,0:00,4.324692158
2018-11-03,0:00,5.227375693
2018-11-04,0:00,7.639971674
2018-11-05,0:00,7.639971674
2018-11-06,0:00,5.291677734
2018-11-07,0:00,4.06681684
2018-11-08,0:00,3.5493336
2018-11-09,0:00,3.308007897
2018-11-10,0:00,3.292322432
2018-11-11,0:00,3.107966533
2018-11-12,0:00,3.123058438
2018-11-13,0:00,3.048087498
2018-11-14,0:00,2.718719916
2018-11-15,0:00,2.452456041
2018-11-16,0:00,2.556758201
2018-11-17,0:00,2.543560988
2018-11-18,0:00,2.478259055
2018-11-19,0:00,2.570001211
2018-11-20,0:00,2.691262427
2018-11-21,0:00,2.746364456
2018-11-22,0:00,2.691262427
2018-11-23,0:00,2.83042683
2018-11-24,0:00,2.623432825
2018-11-25,0:00,2.21624444
2018-11-26,0:00,2.204253322
2018-11-27,0:00,2.610005824
2018-11-28,0:00,2.363563579
2018-11-29,0:00,2.133218231
2018-11-30,0:00,2.007001026
2018-12-01,0:00,1.832494038
2018-12-02,0:00,1.821938364
2018-12-03,0:00,1.790515903
2018-12-04,0:00,1.759458603
2018-12-05,0:00,1.648670997
2018-12-06,0:00,1.561581983
2018-12-07,0:00,1.638837705
2018-12-08,0:00,1.688399475
2018-12-09,0:00,1.832494038
2018-12-10,0:00,1.790515903
2018-12-11,0:00,1.668456014
2018-12-12,0:00,1.648670997
2018-12-13,0:00,1.619289152
2018-12-14,0:00,1.590260202
2018-12-15,0:00,1.629043783
2018-12-16,0:00,1.749186942
2018-12-17,0:00,2.401391202
2018-12-18,0:00,2.570001211
2018-12-19,0:00,2.916195868
2018-12-20,0:00,3.230078838
2018-12-21,0:00,3.323743349
2018-12-22,0:00,2.901781771
2018-12-23,0:00,2.570001211
2018-12-24,0:00,2.478259055
2018-12-25,0:00,2.650425504
2018-12-26,0:00,2.844602681
2018-12-27,0:00,2.901781771
2018-12-28,0:00,2.844602681
2018-12-29,0:00,2.663991344
2018-12-30,0:00,2.83042683
2018-12-31,0:00,2.901781771
2019-01-01,0:00,2.930657855
2019-01-02,0:00,2.930657855
2019-01-03,0:00,2.530409491
2019-01-04,0:00,2.276856009
2019-01-05,0:00,3.33952887
2019-01-06,0:00,3.123058438
2019-01-07,0:00,3.048087498
2019-01-08,0:00,2.363563579
2019-01-09,0:00,2.276856009
2019-01-10,0:00,2.21624444
2019-01-11,0:00,2.228279183
2019-01-12,0:00,2.168540912
2019-01-13,0:00,3.276686875
2019-01-14,0:00,8.290801567
2019-01-15,0:00,7.862310346
2019-01-16,0:00,8.378335487
2019-01-17,0:00,15.93859667
2019-01-18,0:00,10.06158871
2019-01-19,0:00,20.13709487
2019-01-20,0:00,13.06811751
2019-01-21,0:00,9.477499378
2019-01-22,0:00,15.36012112
2019-01-23,0:00,12.14436721
2019-01-24,0:00,12.29518391
2019-01-25,0:00,29.60089976
2019-01-26,0:00,30.08092523
2019-01-27,0:00,33.21815446
2019-01-28,0:00,32.19728536
2019-01-29,0:00,52.5249067
2019-01-30,0:00,75.09887824
2019-01-31,0:00,77.54308647
2019-02-01,0:00,40.97786653
2019-02-02,0:00,29.53274651
2019-02-03,0:00,27.92844163
2019-02-04,0:00,20.9378873
2019-02-05,0:00,32.41424763
2019-02-06,0:00,20.56158024
2019-02-07,0:00,50.54723455
2019-02-08,0:00,70.12298726
2019-02-09,0:00,34.41115513
2019-02-10,0:00,39.55300921
2019-02-11,0:00,69.75896653
2019-02-12,0:00,34.41115513
2019-02-13,0:00,26.70059254
2019-02-14,0:00,49.38492257
2019-02-15,0:00,85.74954079
2019-02-16,0:00,60.84345975
2019-02-17,0:00,52.32484725
2019-02-18,0:00,47.20746945
2019-02-19,0:00,34.94199407
2019-02-20,0:00,45.18578259
2019-02-21,0:00,79.1139301
2019-02-22,0:00,47.20746945
2019-02-23,0:00,25.75719041
2019-02-24,0:00,26.4467935
2019-02-25,0:00,24.5946174
2019-02-26,0:00,30.08092523
2019-02-27,0:00,35.94234118
2019-02-28,0:00,28.1916658
2019-03-01,0:00,19.77052089
2019-03-02,0:00,15.14143136
2019-03-03,0:00,40.72396311
2019-03-04,0:00,37.75886403
2019-03-05,0:00,24.41433025
2019-03-06,0:00,20.45490239
2019-03-07,0:00,38.5674692
2019-03-08,0:00,22.206768
2019-03-09,0:00,17.42433345
2019-03-10,0:00,14.5826211
2019-03-11,0:00,23.23499064
2019-03-12,0:00,23.64331361
2019-03-13,0:00,45.36712759
2019-03-14,0:00,46.46544684
2019-03-15,0:00,32.0531857
2019-03-16,0:00,33.51376342
2019-03-17,0:00,22.6599077
2019-03-18,0:00,27.1486581
2019-03-19,0:00,49.6738034
2019-03-20,0:00,26.06913334
2019-03-21,0:00,18.79812592
2019-03-22,0:00,45.82262197
2019-03-23,0:00,46.65021444
2019-03-24,0:00,58.22940805
2019-03-25,0:00,87.71165931
2019-03-26,0:00,46.83547364
2019-03-27,0:00,34.48665615
2019-03-28,0:00,25.81937781
2019-03-29,0:00,28.39017102
2019-03-30,0:00,21.53850421
2019-03-31,0:00,15.98368966
2019-04-01,0:00,13.34614634
2019-04-02,0:00,20.4017028
2019-04-03,0:00,20.50819485
2019-04-04,0:00,12.29518391
2019-04-05,0:00,9.225367553
2019-04-06,0:00,8.146276889
2019-04-07,0:00,7.806324751
2019-04-08,0:00,7.181568918
2019-04-09,0:00,6.741968069
2019-04-10,0:00,6.97238022
2019-04-11,0:00,11.69936294
2019-04-12,0:00,8.349089064
2019-04-13,0:00,6.792722949
2019-04-14,0:00,7.128883019
2019-04-15,0:00,21.53850421
2019-04-16,0:00,11.95759574
2019-04-17,0:00,12.29518391
2019-04-18,0:00,13.46650463
2019-04-19,0:00,9.350864139
2019-04-20,0:00,8.290801567
2019-04-21,0:00,14.32943745
2019-04-22,0:00,11.55349269
2019-04-23,0:00,15.40411148
2019-04-24,0:00,14.79588289
2019-04-25,0:00,
2019-04-26,0:00,8.795021058
2019-04-27,0:00,7.695156066
2019-04-28,0:00,9.445733534
2019-04-29,0:00,7.530399535
2019-04-30,0:00,
2019-05-01,0:00,
2019-05-02,0:00,
2019-05-03,0:00,
2019-05-04,0:00,
2019-05-05,0:00,
2019-05-06,0:00,
2019-05-07,0:00,
2019-05-08,0:00,
2019-05-09,0:00,
2019-05-10,0:00,
2019-05-11,0:00,
2019-05-12,0:00,
2019-05-13,0:00,
2019-05-14,0:00,
2019-05-15,0:00,
2019-05-16,0:00,
2019-05-17,0:00,
2019-05-18,0:00,
2019-05-19,0:00,
2019-05-20,0:00,
2019-05-21,0:00,
2019-05-22,0:00,
2019-05-23,0:00,
2019-05-24,0:00,
2019-05-25,0:00,3.199254869
2019-05-26,0:00,
2019-05-27,0:00,
2019-05-28,0:00,
2019-05-29,0:00,
2019-05-30,0:00,
2019-05-31,0:00,
2019-06-01,0:00,
2019-06-02,0:00,
2019-06-03,0:00,
2019-06-04,0:00,
2019-06-05,0:00,
2019-06-06,0:00,
2019-06-07,0:00,
2019-06-08,0:00,
2019-06-09,0:00,
2019-06-10,0:00,
2019-06-11,0:00,
2019-06-12,0:00,
2019-06-13,0:00,
2019-06-14,0:00,
2019-06-15,0:00,
2019-06-16,0:00,
2019-06-17,0:00,
2019-06-18,0:00,
2019-06-19,0:00,
2019-06-20,0:00,
2019-06-21,0:00,
2019-06-22,0:00,2.086723819
2019-06-23,0:00,
2019-06-24,0:00,
2019-06-25,0:00,
2019-06-26,0:00,
2019-06-27,0:00,
2019-06-28,0:00,
2019-06-29,0:00,
2019-06-30,0:00,
2019-07-01,0:00,
2019-07-02,0:00,2.121530236
2019-07-03,0:00,
2019-07-04,0:00,
2019-07-05,0:00,
2019-07-06,0:00,
2019-07-07,0:00,
2019-07-08,0:00,
2019-07-09,0:00,
2019-07-10,0:00,
2019-07-11,0:00,
2019-07-12,0:00,
2019-07-13,0:00,
2019-07-14,0:00,
2019-07-15,0:00,
2019-07-16,0:00,
2019-07-17,0:00,
2019-07-18,0:00,
2019-07-19,0:00,
2019-07-20,0:00,
2019-07-21,0:00,
2019-07-22,0:00,
2019-07-23,0:00,
2019-07-24,0:00,
2019-07-25,0:00,
2019-07-26,0:00,
2019-07-27,0:00,
2019-07-28,0:00,
2019-07-29,0:00,
2019-07-30,0:00,
2019-07-31,0:00,
2019-08-01,0:00,
2019-08-02,0:00,
2019-08-03,0:00,
2019-08-04,0:00,
2019-08-05,0:00,
2019-08-06,0:00,
2019-08-07,0:00,
2019-08-08,0:00,
2019-08-09,0:00,
2019-08-10,0:00,
2019-08-11,0:00,
2019-08-12,0:00,
2019-08-13,0:00,
2019-08-14,0:00,
2019-08-15,0:00,
2019-08-16,0:00,
2019-08-17,0:00,
2019-08-18,0:00,
2019-08-19,0:00,
2019-08-20,0:00,
2019-08-21,0:00,
2019-08-22,0:00,
2019-08-23,0:00,
2019-08-24,0:00,
2019-08-25,0:00,
2019-08-26,0:00,
2019-08-27,0:00,
2019-08-28,0:00,
2019-08-29,0:00,
2019-08-30,0:00,
2019-08-31,0:00,
2019-09-01,0:00,
2019-09-02,0:00,
2019-09-03,0:00,
2019-09-04,0:00,
2019-09-05,0:00,
2019-09-06,0:00,
2019-09-07,0:00,
2019-09-08,0:00,
2019-09-09,0:00,
2019-09-10,0:00,
2019-09-11,0:00,
2019-09-12,0:00,
2019-09-13,0:00,
2019-09-14,0:00,
2019-09-15,0:00,
2019-09-16,0:00,
2019-09-17,0:00,
2019-09-18,0:00,
2019-09-19,0:00,
2019-09-20,0:00,
2019-09-21,0:00,
2019-09-22,0:00,
2019-09-23,0:00,
2019-09-24,0:00,
2019-09-25,0:00,
2019-09-26,0:00,
2019-09-27,0:00,
2019-09-28,0:00,
2019-09-29,0:00,
2019-09-30,0:00,
2019-10-01,0:00,
2019-10-02,0:00,
2019-10-03,0:00,
2019-10-04,0:00,
2019-10-05,0:00,
2019-10-06,0:00,
2019-10-07,0:00,
2019-10-08,0:00,
2019-10-09,0:00,
2019-10-10,0:00,
2019-10-11,0:00,
2019-10-12,0:00,
2019-10-13,0:00,
2019-10-14,0:00,
2019-10-15,0:00,
2019-10-16,0:00,
2019-10-17,0:00,
2019-10-18,0:00,
2019-10-19,0:00,
2019-10-20,0:00,
2019-10-21,0:00,
2019-10-22,0:00,
2019-10-23,0:00,
2019-10-24,0:00,
2019-10-25,0:00,
2019-10-26,0:00,
2019-10-27,0:00,
2019-10-28,0:00,
2019-10-29,0:00,
2019-10-30,0:00,
2019-10-31,0:00,
2019-11-01,0:00,
2019-11-02,0:00,
2019-11-03,0:00,
2019-11-04,0:00,
2019-11-05,0:00,
2019-11-06,0:00,
2019-11-07,0:00,
2019-11-08,0:00,
2019-11-09,0:00,
2019-11-10,0:00,
2019-11-11,0:00,
2019-11-12,0:00,
2019-11-13,0:00,
2019-11-14,0:00,
2019-11-15,0:00,
2019-11-16,0:00,
2019-11-17,0:00,
2019-11-18,0:00,
2019-11-19,0:00,
2019-11-20,0:00,
2019-11-21,0:00,
2019-11-22,0:00,
2019-11-23,0:00,
2019-11-24,0:00,
2019-11-25,0:00,
2019-11-26,0:00,
2019-11-27,0:00,
2019-11-28,0:00,
2019-11-29,0:00,
2019-11-30,0:00,
2019-12-01,0:00,
2019-12-02,0:00,
2019-12-03,0:00,
2019-12-04,0:00,
2019-12-05,0:00,
2019-12-06,0:00,
2019-12-07,0:00,
2019-12-08,0:00,
2019-12-09,0:00,
2019-12-10,0:00,
2019-12-11,0:00,
2019-12-12,0:00,
2019-12-13,0:00,
2019-12-14,0:00,
2019-12-15,0:00,
2019-12-16,0:00,
2019-12-17,0:00,
2019-12-18,0:00,
2019-12-19,0:00,
2019-12-20,0:00,
2019-12-21,0:00,
2019-12-22,0:00,
2019-12-23,0:00,
2019-12-24,0:00,
2019-12-25,0:00,
2019-12-26,0:00,
2019-12-27,0:00,
2019-12-28,0:00,
2019-12-29,0:00,
2019-12-30,0:00,
2019-12-31,0:00,
2020-01-01,0:00,
2020-01-02,0:00,
2020-01-03,0:00,
2020-01-04,0:00,
2020-01-05,0:00,
2020-01-06,0:00,
2020-01-07,0:00,
2020-01-08,0:00,
2020-01-09,0:00,
2020-01-10,0:00,
2020-01-11,0:00,
2020-01-12,0:00,
2020-01-13,0:00,
2020-01-14,0:00,
2020-01-15,0:00,
2020-01-16,0:00,
2020-01-17,0:00,
2020-01-18,0:00,
2020-01-19,0:00,
2020-01-20,0:00,
2020-01-21,0:00,
2020-01-22,0:00,
2020-01-23,0:00,
2020-01-24,0:00,
2020-01-25,0:00,
2020-01-26,0:00,
2020-01-27,0:00,
2020-01-28,0:00,
2020-01-29,0:00,
2020-01-30,0:00,
2020-01-31,0:00,
2020-02-01,0:00,
2020-02-02,0:00,
2020-02-03,0:00,
2020-02-04,0:00,
2020-02-05,0:00,
2020-02-06,0:00,
2020-02-07,0:00,
2020-02-08,0:00,
2020-02-09,0:00,
2020-02-10,0:00,
2020-02-11,0:00,
2020-02-12,0:00,
2020-02-13,0:00,
2020-02-14,0:00,
2020-02-15,0:00,
2020-02-16,0:00,
2020-02-17,0:00,
2020-02-18,0:00,
2020-02-19,0:00,
2020-02-20,0:00,
2020-02-21,0:00,
2020-02-22,0:00,
2020-02-23,0:00,
2020-02-24,0:00,
2020-02-25,0:00,
2020-02-26,0:00,
2020-02-27,0:00,
2020-02-28,0:00,
2020-02-29,0:00,
2020-03-01,0:00,
2020-03-02,0:00,
2020-03-03,0:00,27.27759577
2020-03-04,0:00,25.4477582
2020-03-05,0:00,25.63311682
2020-03-06,0:00,15.6253298
2020-03-07,0:00,16.43932967
2020-03-08,0:00,31.41008257
2020-03-09,0:00,16.16491637
2020-03-10,0:00,17.0917276
2020-03-11,0:00,15.44818616
2020-03-12,0:00,11.80957171
2020-03-13,0:00,11.44489324
2020-03-14,0:00,10.19457984
2020-03-15,0:00,22.31947834
2020-03-16,0:00,14.49789634
2020-03-17,0:00,13.95521026
2020-03-18,0:00,11.01733372
2020-03-19,0:00,14.79588289
2020-03-20,0:00,27.86289387
2020-03-21,0:00,45.09529248
2020-03-22,0:00,30.08092523
2020-03-23,0:00,32.34181839
2020-03-24,0:00,30.49650344
2020-03-25,0:00,19.61479628
2020-03-26,0:00,19.40844473
2020-03-27,0:00,20.50819485
2020-03-28,0:00,26.70059254
2020-03-29,0:00,32.26949766
2020-03-30,0:00,49.09716946
2020-03-31,0:00,68.07693537
2020-04-01,0:00,50.93870627
2020-04-02,0:00,54.14386354
2020-04-03,0:00,29.3289177
2020-04-04,0:00,23.29303092
2020-04-05,0:00,20.56158024
2020-04-06,0:00,26.25750853
2020-04-07,0:00,16.71684658
2020-04-08,0:00,15.01122418
2020-04-09,0:00,33.14452617
2020-04-10,0:00,21.59367112
2020-04-11,0:00,13.46650463
2020-04-12,0:00,10.66931717
2020-04-13,0:00,9.896990795
2020-04-14,0:00,8.674583844
2020-04-15,0:00,8.146276889
2020-04-16,0:00,7.476010486
2020-04-17,0:00,7.261085908
2020-04-18,0:00,8.466486429
2020-04-19,0:00,11.55349269
2020-04-20,0:00,7.975087296
2020-04-21,0:00,7.234515051
2020-04-22,0:00,6.741968069
2020-04-23,0:00,6.393779262
2020-04-24,0:00,6.12881261
2020-04-25,0:00,5.987436169
2020-04-26,0:00,6.176430388
2020-04-27,0:00,7.639971674
2020-04-28,0:00,6.616193785
2020-04-29,0:00,6.176430388
2020-04-30,0:00,6.27240829
2020-05-01,0:00,6.27240829
2020-05-02,0:00,6.152590636
2020-05-03,0:00,5.871305069
2020-05-04,0:00,9.445733534
2020-05-05,0:00,9.995531235
2020-05-06,0:00,8.003449875
2020-05-07,0:00,8.003449875
2020-05-08,0:00,8.407650468
2020-05-09,0:00,12.67770453
2020-05-10,0:00,11.88342931
2020-05-11,0:00,11.26541758
2020-05-12,0:00,8.232787325
2020-05-13,0:00,6.998302526
2020-05-14,0:00,6.345043825
2020-05-15,0:00,5.848261431
2020-05-16,0:00,5.825278465
2020-05-17,0:00,6.27240829
2020-05-18,0:00,6.10509623
2020-05-19,0:00,5.643589167
2020-05-20,0:00,5.334838843
2020-05-21,0:00,5.12137255
2020-05-22,0:00,4.996081719
2020-05-23,0:00,5.142456864
2020-05-24,0:00,5.206058588
2020-05-25,0:00,4.934213764
2020-05-26,0:00,4.731697228
2020-05-27,0:00,4.3624024
2020-05-28,0:00,4.249928093
2020-05-29,0:00,4.194426862
2020-05-30,0:00,4.103007518
2020-05-31,0:00,3.995078315
2020-06-01,0:00,3.871584821
2020-06-02,0:00,3.836776782
2020-06-03,0:00,3.699641046
2020-06-04,0:00,3.649074141
2020-06-05,0:00,3.649074141
2020-06-06,0:00,3.784958812
2020-06-07,0:00,4.103007518
2020-06-08,0:00,3.871584821
2020-06-09,0:00,3.649074141
2020-06-10,0:00,3.532889843
2020-06-11,0:00,3.516497204
2020-06-12,0:00,3.435297953
2020-06-13,0:00,3.387186651
2020-06-14,0:00,3.37125044
2020-06-15,0:00,3.37125044
2020-06-16,0:00,3.33952887
2020-06-17,0:00,3.323743349
2020-06-18,0:00,3.230078838
2020-06-19,0:00,3.199254869
2020-06-20,0:00,3.168628593
2020-06-21,0:00,3.138199362
2020-06-22,0:00,3.092923568
2020-06-23,0:00,3.048087498
2020-06-24,0:00,3.048087498
2020-06-25,0:00,3.033239482
2020-06-26,0:00,2.945167814
2020-06-27,0:00,3.07792946
2020-06-28,0:00,2.974331969
2020-06-29,0:00,2.887415485
2020-06-30,0:00,2.802217269
2020-07-01,0:00,2.788183398
2020-07-02,0:00,2.816298386
2020-07-03,0:00,
2020-07-04,0:00,
2020-07-05,0:00,
2020-07-06,0:00,
2020-07-07,0:00,
2020-07-08,0:00,
2020-07-09,0:00,
2020-07-10,0:00,
2020-07-11,0:00,
2020-07-12,0:00,
2020-07-13,0:00,
2020-07-14,0:00,
2020-07-15,0:00,
2020-07-16,0:00,
2020-07-17,0:00,
2020-07-18,0:00,
2020-07-19,0:00,
2020-07-20,0:00,
2020-07-21,0:00,
2020-07-22,0:00,
2020-07-23,0:00,
2020-07-24,0:00,2.556758201
2020-07-25,0:00,2.556758201
2020-07-26,0:00,2.556758201
2020-07-27,0:00,2.543560988
2020-07-28,0:00,2.530409491
2020-07-29,0:00,2.610005824
2020-07-30,0:00,2.570001211
2020-07-31,0:00,2.478259055
2020-08-01,0:00,2.465334931
2020-08-02,0:00,2.452456041
2020-08-03,0:00,2.452456041
2020-08-04,0:00,2.452456041
2020-08-05,0:00,2.439622303
2020-08-06,0:00,2.478259055
2020-08-07,0:00,2.478259055
2020-08-08,0:00,2.38873727
2020-08-09,0:00,2.376128089
2020-08-10,0:00,2.376128089
2020-08-11,0:00,2.38873727
2020-08-12,0:00,2.376128089
2020-08-13,0:00,2.38873727
2020-08-14,0:00,2.289110081
2020-08-15,0:00,2.264645963
2020-08-16,0:00,2.301408261
2020-08-17,0:00,2.276856009
2020-08-18,0:00,2.264645963
2020-08-19,0:00,2.276856009
2020-08-20,0:00,2.228279183
2020-08-21,0:00,2.21624444
2020-08-22,0:00,2.228279183
2020-08-23,0:00,2.228279183
2020-08-24,0:00,2.21624444
2020-08-25,0:00,2.21624444
2020-08-26,0:00,2.192305748
2020-08-27,0:00,2.192305748
2020-08-28,0:00,2.156723489
2020-08-29,0:00,2.144949289
2020-08-30,0:00,2.144949289
2020-08-31,0:00,2.156723489
2020-09-01,0:00,2.168540912
2020-09-02,0:00,2.168540912
2020-09-03,0:00,2.204253322
2020-09-04,0:00,2.228279183
2020-09-05,0:00,2.204253322
2020-09-06,0:00,2.204253322
2020-09-07,0:00,2.168540912
2020-09-08,0:00,2.228279183
2020-09-09,0:00,2.156723489
2020-09-10,0:00,2.156723489
2020-09-11,0:00,2.192305748
2020-09-12,0:00,2.192305748
2020-09-13,0:00,2.204253322
2020-09-14,0:00,2.086723819
2020-09-15,0:00,2.301408261
2020-09-16,0:00,2.240357631
2020-09-17,0:00,2.264645963
2020-09-18,0:00,2.276856009
2020-09-19,0:00,2.228279183
2020-09-20,0:00,2.228279183
2020-09-21,0:00,2.228279183
2020-09-22,0:00,2.168540912
2020-09-23,0:00,2.192305748
2020-09-24,0:00,2.204253322
2020-09-25,0:00,2.228279183
2020-09-26,0:00,2.121530236
2020-09-27,0:00,2.204253322
2020-09-28,0:00,2.156723489
2020-09-29,0:00,2.144949289
2020-09-30,0:00,2.491228492
2020-10-01,0:00,2.439622303
2020-10-02,0:00,2.351043658
2020-10-03,0:00,2.289110081
2020-10-04,0:00,2.264645963
2020-10-05,0:00,2.276856009
2020-10-06,0:00,2.264645963
2020-10-07,0:00,2.133218231
2020-10-08,0:00,2.121530236
2020-10-09,0:00,2.086723819
2020-10-10,0:00,2.086723819
2020-10-11,0:00,2.063733379
2020-10-12,0:00,2.063733379
2020-10-13,0:00,2.063733379
2020-10-14,0:00,2.007001026
2020-10-15,0:00,2.086723819
2020-10-16,0:00,2.109885222
2020-10-17,0:00,2.075207269
2020-10-18,0:00,2.228279183
2020-10-19,0:00,2.718719916
2020-10-20,0:00,2.351043658
2020-10-21,0:00,2.144949289
2020-10-22,0:00,2.086723819
2020-10-23,0:00,2.38873727
2020-10-24,0:00,2.691262427
2020-10-25,0:00,2.887415485
2020-10-26,0:00,2.530409491
2020-10-27,0:00,2.491228492
2020-10-28,0:00,2.289110081
2020-10-29,0:00,2.156723489
2020-10-30,0:00,2.075207269
2020-10-31,0:00,2.063733379
2020-11-01,0:00,2.109885222
2020-11-02,0:00,2.075207269
2020-11-03,0:00,2.075207269
2020-11-04,0:00,2.007001026
2020-11-05,0:00,2.007001026
2020-11-06,0:00,2.063733379
2020-11-07,0:00,2.007001026
2020-11-08,0:00,2.007001026
2020-11-09,0:00,2.007001026
2020-11-10,0:00,1.995781412
2020-11-11,0:00,2.018262818
2020-11-12,0:00,1.995781412
2020-11-13,0:00,1.929344982
2020-11-14,0:00,1.929344982
2020-11-15,0:00,1.91841837
2020-11-16,0:00,1.929344982
2020-11-17,0:00,1.929344982
2020-11-18,0:00,1.91841837
2020-11-19,0:00,1.907533295
2020-11-20,0:00,1.91841837
2020-11-21,0:00,1.864406749
2020-11-22,0:00,1.853728151
2020-11-23,0:00,1.885887431
2020-11-24,0:00,1.864406749
2020-11-25,0:00,1.853728151
2020-11-26,0:00,1.864406749
2020-11-27,0:00,1.864406749
2020-11-28,0:00,1.853728151
2020-11-29,0:00,1.853728151
2020-11-30,0:00,1.984603896
2020-12-01,0:00,1.973468399
2020-12-02,0:00,2.313750628
2020-12-03,0:00,2.663991344
2020-12-04,0:00,2.802217269
2020-12-05,0:00,3.123058438
2020-12-06,0:00,3.649074141
2020-12-07,0:00,6.01084554
2020-12-08,0:00,7.695156066
2020-12-09,0:00,9.163044623
2020-12-10,0:00,6.566327531
2020-12-11,0:00,5.291677734
2020-12-12,0:00,4.06681684
2020-12-13,0:00,3.767790923
2020-12-14,0:00,3.387186651
2020-12-15,0:00,3.5493336
2020-12-16,0:00,3.123058438
2020-12-17,0:00,3.033239482
2020-12-18,0:00,3.665877985
2020-12-19,0:00,3.532889843
2020-12-20,0:00,5.733951691
2020-12-21,0:00,12.37106057
2020-12-22,0:00,8.886080518
2020-12-23,0:00,6.998302526
2020-12-24,0:00,9.414039101
2020-12-25,0:00,10.66931717
2020-12-26,0:00,20.4017028
2020-12-27,0:00,19.40844473
2020-12-28,0:00,18.39847403
2020-12-29,0:00,33.36573961
2020-12-30,0:00,25.4477582
2020-12-31,0:00,26.06913334
2021-01-01,0:00,28.85698695
2021-01-02,0:00,29.94324699
2021-01-03,0:00,24.11582292
2021-01-04,0:00,40.97786653
2021-01-05,0:00,50.93870627
2021-01-06,0:00,32.26949766
2021-01-07,0:00,34.33576495
2021-01-08,0:00,42.34994774
2021-01-09,0:00,43.39896928
2021-01-10,0:00,25.88166572
2021-01-11,0:00,31.76628387
2021-01-12,0:00,30.70572734
2021-01-13,0:00,29.94324699
2021-01-14,0:00,25.81937781
2021-01-15,0:00,19.82261257
2021-01-16,0:00,45.09529248
2021-01-17,0:00,31.83784735
2021-01-18,0:00,23.23499064
2021-01-19,0:00,39.38759447
2021-01-20,0:00,31.33916494
2021-01-21,0:00,50.35225679
2021-01-22,0:00,51.82693347
2021-01-23,0:00,38.5674692
2021-01-24,0:00,29.7375222
2021-01-25,0:00,32.70505133
2021-01-26,0:00,28.12570463
2021-01-27,0:00,21.64893263
2021-01-28,0:00,
2021-01-29,0:00,
2021-01-30,0:00,
2021-01-31,0:00,
2021-02-01,0:00,
2021-02-02,0:00,
2021-02-03,0:00,
2021-02-04,0:00,
2021-02-05,0:00,
2021-02-06,0:00,
2021-02-07,0:00,
2021-02-08,0:00,
2021-02-09,0:00,
2021-02-10,0:00,
2021-02-11,0:00,
2021-02-12,0:00,
2021-02-13,0:00,
2021-02-14,0:00,
2021-02-15,0:00,
2021-02-16,0:00,
2021-02-17,0:00,
2021-02-18,0:00,
2021-02-19,0:00,
2021-02-20,0:00,
2021-02-21,0:00,
2021-02-22,0:00,
2021-02-23,0:00,
2021-02-24,0:00,
2021-02-25,0:00,
2021-02-26,0:00,
2021-02-27,0:00,
2021-02-28,0:00,
2021-03-01,0:00,
2021-03-02,0:00,
2021-03-03,0:00,
2021-03-04,0:00,
2021-03-05,0:00,
2021-03-06,0:00,
2021-03-07,0:00,
2021-03-08,0:00,
2021-03-09,0:00,
2021-03-10,0:00,
2021-03-11,0:00,
2021-03-12,0:00,
2021-03-13,0:00,
2021-03-14,0:00,
2021-03-15,0:00,
2021-03-16,0:00,
2021-03-17,0:00,
2021-03-18,0:00,
2021-03-19,0:00,
2021-03-20,0:00,
2021-03-21,0:00,
2021-03-22,0:00,
2021-03-23,0:00,
2021-03-24,0:00,
2021-03-25,0:00,
2021-03-26,0:00,
2021-03-27,0:00,
2021-03-28,0:00,
2021-03-29,0:00,
2021-03-30,0:00,
2021-03-31,0:00,
2021-04-01,0:00,
2021-04-02,0:00,
2021-04-03,0:00,
2021-04-04,0:00,
2021-04-05,0:00,
2021-04-06,0:00,
2021-04-07,0:00,
2021-04-08,0:00,
2021-04-09,0:00,
2021-04-10,0:00,
2021-04-11,0:00,
2021-04-12,0:00,
2021-04-13,0:00,
2021-04-14,0:00,
2021-04-15,0:00,
2021-04-16,0:00,
2021-04-17,0:00,
2021-04-18,0:00,
2021-04-19,0:00,
2021-04-20,0:00,
2021-04-21,0:00,
2021-04-22,0:00,
2021-04-23,0:00,
2021-04-24,0:00,
2021-04-25,0:00,
2021-04-26,0:00,
2021-04-27,0:00,
2021-04-28,0:00,
2021-04-29,0:00,
2021-04-30,0:00,
2021-05-01,0:00,
2021-05-02,0:00,
2021-05-03,0:00,
2021-05-04,0:00,
2021-05-05,0:00,
2021-05-06,0:00,
2021-05-07,0:00,
2021-05-08,0:00,
2021-05-09,0:00,
2021-05-10,0:00,
2021-05-11,0:00,
2021-05-12,0:00,
2021-05-13,0:00,
2021-05-14,0:00,
2021-05-15,0:00,
2021-05-16,0:00,
2021-05-17,0:00,
2021-05-18,0:00,
2021-05-19,0:00,
2021-05-20,0:00,
2021-05-21,0:00,
2021-05-22,0:00,
2021-05-23,0:00,
2021-05-24,0:00,
2021-05-25,0:00,
2021-05-26,0:00,
2021-05-27,0:00,
2021-05-28,0:00,
2021-05-29,0:00,
2021-05-30,0:00,
2021-05-31,0:00,
2021-06-01,0:00,
2021-06-02,0:00,
2021-06-03,0:00,
2021-06-04,0:00,
2021-06-05,0:00,
2021-06-06,0:00,
2021-06-07,0:00,
2021-06-08,0:00,
2021-06-09,0:00,
2021-06-10,0:00,
2021-06-11,0:00,
2021-06-12,0:00,
2021-06-13,0:00,
2021-06-14,0:00,
2021-06-15,0:00,
2021-06-16,0:00,
2021-06-17,0:00,
2021-06-18,0:00,
2021-06-19,0:00,
2021-06-20,0:00,
2021-06-21,0:00,
2021-06-22,0:00,
2021-06-23,0:00,
2021-06-24,0:00,
2021-06-25,0:00,
2021-06-26,0:00,
2021-06-27,0:00,
2021-06-28,0:00,
2021-06-29,0:00,
2021-06-30,0:00,
2021-07-01,0:00,
2021-07-02,0:00,
2021-07-03,0:00,
2021-07-04,0:00,
2021-07-05,0:00,
2021-07-06,0:00,
2021-07-07,0:00,
2021-07-08,0:00,
2021-07-09,0:00,
2021-07-10,0:00,
2021-07-11,0:00,
2021-07-12,0:00,
2021-07-13,0:00,
2021-07-14,0:00,
2021-07-15,0:00,
2021-07-16,0:00,
2021-07-17,0:00,
2021-07-18,0:00,
2021-07-19,0:00,
2021-07-20,0:00,
2021-07-21,0:00,
2021-07-22,0:00,
2021-07-23,0:00,
2021-07-24,0:00,
2021-07-25,0:00,
2021-07-26,0:00,
2021-07-27,0:00,
2021-07-28,0:00,
2021-07-29,0:00,
2021-07-30,0:00,
2021-07-31,0:00,
2021-08-01,0:00,
2021-08-02,0:00,
2021-08-03,0:00,
2021-08-04,0:00,
2021-08-05,0:00,
2021-08-06,0:00,
2021-08-07,0:00,
2021-08-08,0:00,
2021-08-09,0:00,
2021-08-10,0:00,
2021-08-11,0:00,
2021-08-12,0:00,
2021-08-13,0:00,
2021-08-14,0:00,
2021-08-15,0:00,
2021-08-16,0:00,
2021-08-17,0:00,
2021-08-18,0:00,
2021-08-19,0:00,
2021-08-20,0:00,
2021-08-21,0:00,
2021-08-22,0:00,
2021-08-23,0:00,
2021-08-24,0:00,
2021-08-25,0:00,
2021-08-26,0:00,
2021-08-27,0:00,
2021-08-28,0:00,
2021-08-29,0:00,
2021-08-30,0:00,
2021-08-31,0:00,
2021-09-01,0:00,
2021-09-02,0:00,
2021-09-03,0:00,
2021-09-04,0:00,
2021-09-05,0:00,
2021-09-06,0:00,
2021-09-07,0:00,
2021-09-08,0:00,
2021-09-09,0:00,
2021-09-10,0:00,
2021-09-11,0:00,
2021-09-12,0:00,
2021-09-13,0:00,
2021-09-14,0:00,
2021-09-15,0:00,
2021-09-16,0:00,
2021-09-17,0:00,
2021-09-18,0:00,
2021-09-19,0:00,
2021-09-20,0:00,
2021-09-21,0:00,
2021-09-22,0:00,
2021-09-23,0:00,
2021-09-24,0:00,
2021-09-25,0:00,
2021-09-26,0:00,
2021-09-27,0:00,
2021-09-28,0:00,
2021-09-29,0:00,
2021-09-30,0:00,
2021-10-01,0:00,
2021-10-02,0:00,
2021-10-03,0:00,
2021-10-04,0:00,
2021-10-05,0:00,
2021-10-06,0:00,
2021-10-07,0:00,
2021-10-08,0:00,
2021-10-09,0:00,
2021-10-10,0:00,
2021-10-11,0:00,
2021-10-12,0:00,
2021-10-13,0:00,
2021-10-14,0:00,
2021-10-15,0:00,
2021-10-16,0:00,2.930657855
2021-10-17,0:00,2.930657855
2021-10-18,0:00,2.945167814
2021-10-19,0:00,3.003688976
2021-10-20,0:00,3.516497204
2021-10-21,0:00,3.048087498
2021-10-22,0:00,2.70496783
2021-10-23,0:00,2.570001211
2021-10-24,0:00,2.650425504
2021-10-25,0:00,2.691262427
2021-10-26,0:00,2.452456041
2021-10-27,0:00,2.351043658
2021-10-28,0:00,2.326137262
2021-10-29,0:00,2.38873727
2021-10-30,0:00,2.623432825
2021-10-31,0:00,2.570001211
2021-11-01,0:00,2.930657855
2021-11-02,0:00,3.018440001
2021-11-03,0:00,3.323743349
2021-11-04,0:00,3.033239482
2021-11-05,0:00,2.816298386
2021-11-06,0:00,2.760257072
2021-11-07,0:00,2.746364456
2021-11-08,0:00,2.610005824
2021-11-09,0:00,2.478259055
2021-11-10,0:00,2.570001211
2021-11-11,0:00,2.439622303
2021-11-12,0:00,2.38873727
2021-11-13,0:00,2.414089964
2021-11-14,0:00,2.83042683
2021-11-15,0:00,2.570001211
2021-11-16,0:00,2.570001211
2021-11-17,0:00,2.610005824
2021-11-18,0:00,2.38873727
2021-11-19,0:00,2.313750628
2021-11-20,0:00,2.38873727
2021-11-21,0:00,2.650425504
2021-11-22,0:00,2.746364456
2021-11-23,0:00,2.974331969
2021-11-24,0:00,4.573752688
2021-11-25,0:00,4.194426862
2021-11-26,0:00,3.767790923
2021-11-27,0:00,11.62627454
2021-11-28,0:00,13.34614634
2021-11-29,0:00,14.83878446
2021-11-30,0:00,9.445733534
2021-12-01,0:00,13.30618765
2021-12-02,0:00,25.01875151
2021-12-03,0:00,22.15055611
2021-12-04,0:00,22.71698197
2021-12-05,0:00,17.42433345
2021-12-06,0:00,25.38617214
2021-12-07,0:00,24.41433025
2021-12-08,0:00,39.63589083
2021-12-09,0:00,27.08434267
2021-12-10,0:00,25.32468601
2021-12-11,0:00,21.59367112
2021-12-12,0:00,11.19415862
2021-12-13,0:00,8.466486429
2021-12-14,0:00,7.024289321
2021-12-15,0:00,6.492001253
2021-12-16,0:00,8.031879953
2021-12-17,0:00,8.290801567
2021-12-18,0:00,7.503171993
2021-12-19,0:00,6.492001253
2021-12-20,0:00,5.711270864
2021-12-21,0:00,5.10034623
2021-12-22,0:00,4.400332312
2021-12-23,0:00,4.084885327
2021-12-24,0:00,3.699641046
2021-12-25,0:00,4.343519861
2021-12-26,0:00,5.509841992
2021-12-27,0:00,4.593299578
2021-12-28,0:00,3.977277135
2021-12-29,0:00,4.194426862
2021-12-30,0:00,5.802356089
2021-12-31,0:00,5.334838843
2022-01-01,0:00,8.525597599
2022-01-02,0:00,5.421867378
2022-01-03,0:00,5.421867378
2022-01-04,0:00,4.934213764
2022-01-05,0:00,4.53482625
2022-01-06,0:00,5.940800822
2022-01-07,0:00,9.382415996
2022-01-08,0:00,9.287973841
2022-01-09,0:00,8.947136404
2022-01-10,0:00,11.22975023
2022-01-11,0:00,18.79812592
2022-01-12,0:00,13.91403826
2022-01-13,0:00,20.9378873
2022-01-14,0:00,19.77052089
2022-01-15,0:00,25.81937781
2022-01-16,0:00,26.06913334
2022-01-17,0:00,17.04456258
2022-01-18,0:00,26.25750853
2022-01-19,0:00,58.65975158
2022-01-20,0:00,91.87127908
2022-01-21,0:00,120.8542067
2022-01-22,0:00,47.20746945
2022-01-23,0:00,31.83784735
2022-01-24,0:00,24.65491074
2022-01-25,0:00,39.47024378
2022-01-26,0:00,63.87693655
2022-01-27,0:00,59.6358044
2022-01-28,0:00,49.6738034
2022-01-29,0:00,34.03531075
2022-01-30,0:00,23.5261634
2022-01-31,0:00,27.99409262
2022-02-01,0:00,37.59851813
2022-02-02,0:00,65.25705193
2022-02-03,0:00,39.9685809
2022-02-04,0:00,47.86321603
2022-02-05,0:00,65.48899582
2022-02-06,0:00,53.22914971
2022-02-07,0:00,63.08097267
2022-02-08,0:00,36.25395596
2022-02-09,0:00,54.55376075
2022-02-10,0:00,36.96169627
2022-02-11,0:00,34.33576495
2022-02-12,0:00,46.55776924
2022-02-13,0:00,63.87693655
2022-02-14,0:00,29.2611848
2022-02-15,0:00,23.5261634
2022-02-16,0:00,19.51143774
2022-02-17,0:00,33.43969664
2022-02-18,0:00,53.63440024
2022-02-19,0:00,58.87572012
2022-02-20,0:00,60.62267868
2022-02-21,0:00,33.73662307
2022-02-22,0:00,31.76628387
2022-02-23,0:00,30.21902695
2022-02-24,0:00,21.10056411
2022-02-25,0:00,51.62866016
2022-02-26,0:00,45.00492387
2022-02-27,0:00,62.29168128
2022-02-28,0:00,42.43671015
2022-03-01,0:00,32.55943196
2022-03-02,0:00,43.04738383
2022-03-03,0:00,28.39017102
2022-03-04,0:00,21.81528548
2022-03-05,0:00,46.92828779
2022-03-06,0:00,38.5674692
2022-03-07,0:00,27.27759577
2022-03-08,0:00,28.85698695
2022-03-09,0:00,30.21902695
2022-03-10,0:00,24.71530302
2022-03-11,0:00,26.19461582
2022-03-12,0:00,30.49650344
2022-03-13,0:00,23.76085401
2022-03-14,0:00,27.99409262
2022-03-15,0:00,45.91408698
2022-03-16,0:00,25.32468601
2022-03-17,0:00,20.4017028
2022-03-18,0:00,14.96798907
2022-03-19,0:00,21.64893263
2022-03-20,0:00,15.31621501
2022-03-21,0:00,21.20948441
2022-03-22,0:00,20.24266036
2022-03-23,0:00,16.16491637
2022-03-24,0:00,21.48343179
2022-03-25,0:00,21.37357015
2022-03-26,0:00,19.10165228
2022-03-27,0:00,21.64893263
2022-03-28,0:00,14.5826211
2022-03-29,0:00,20.82990423
2022-03-30,0:00,19.05083823
2022-03-31,0:00,27.40694305
2022-04-01,0:00,27.60173347
2022-04-02,0:00,62.29168128
2022-04-03,0:00,75.22621537
2022-04-04,0:00,59.85417248
2022-04-05,0:00,30.42697498
2022-04-06,0:00,26.0065434
2022-04-07,0:00,21.53850421
2022-04-08,0:00,18.64758198
2022-04-09,0:00,15.14143136
2022-04-10,0:00,60.51248971
2022-04-11,0:00,33.73662307
2022-04-12,0:00,20.03189884
2022-04-13,0:00,15.09794524
2022-04-14,0:00,12.44725031
2022-04-15,0:00,10.94713106
2022-04-16,0:00,9.995531235
2022-04-17,0:00,9.131989214
2022-04-18,0:00,8.437034088
2022-04-19,0:00,7.862310346
2022-04-20,0:00,8.555256592
2022-04-21,0:00,7.421885249
2022-04-22,0:00,6.792722949
2022-04-23,0:00,6.467351663
2022-04-24,0:00,6.176430388
2022-04-25,0:00,5.871305069
2022-04-26,0:00,6.176430388
2022-04-27,0:00,5.802356089
2022-04-28,0:00,5.443772133
2022-04-29,0:00,5.291677734
2022-04-30,0:00,5.206058588
2022-05-01,0:00,5.058467251
2022-05-02,0:00,4.954779042
2022-05-03,0:00,5.291677734
2022-05-04,0:00,5.016819279
2022-05-05,0:00,5.334838843
2022-05-06,0:00,5.334838843
2022-05-07,0:00,4.872861201
2022-05-08,0:00,4.496122396
2022-05-09,0:00,4.400332312
2022-05-10,0:00,4.324692158
2022-05-11,0:00,4.157697123
2022-05-12,0:00,3.995078315
2022-05-13,0:00,4.176034939
2022-05-14,0:00,4.121183494
2022-05-15,0:00,3.871584821
2022-05-16,0:00,3.784958812
2022-05-17,0:00,3.750675282
2022-05-18,0:00,3.941834351
2022-05-19,0:00,4.103007518
2022-05-20,0:00,3.819451661
2022-05-21,0:00,3.63232198
2022-05-22,0:00,3.532889843
2022-05-23,0:00,3.37125044
2022-05-24,0:00,3.308007897
2022-05-25,0:00,3.276686875
2022-05-26,0:00,3.323743349
2022-05-27,0:00,3.323743349
2022-05-28,0:00,3.245565158
2022-05-29,0:00,3.308007897
2022-05-30,0:00,3.230078838
2022-05-31,0:00,3.138199362
2022-06-01,0:00,3.107966533
2022-06-02,0:00,3.048087498
2022-06-03,0:00,2.930657855
2022-06-04,0:00,3.033239482
2022-06-05,0:00,3.292322432
2022-06-06,0:00,3.699641046
2022-06-07,0:00,3.230078838
2022-06-08,0:00,3.107966533
2022-06-09,0:00,3.003688976
2022-06-10,0:00,2.887415485
2022-06-11,0:00,
2022-06-12,0:00,
2022-06-13,0:00,
2022-06-14,0:00,
2022-06-15,0:00,
2022-06-16,0:00,
2022-06-17,0:00,
2022-06-18,0:00,
2022-06-19,0:00,
2022-06-20,0:00,
2022-06-21,0:00,
2022-06-22,0:00,
2022-06-23,0:00,
2022-06-24,0:00,
2022-06-25,0:00,
2022-06-26,0:00,
2022-06-27,0:00,
2022-06-28,0:00,
2022-06-29,0:00,
2022-06-30,0:00,
2022-07-01,0:00,
2022-07-02,0:00,
2022-07-03,0:00,
2022-07-04,0:00,
2022-07-05,0:00,
2022-07-06,0:00,
2022-07-07,0:00,
2022-07-08,0:00,
2022-07-09,0:00,
2022-07-10,0:00,
2022-07-11,0:00,
2022-07-12,0:00,
2022-07-13,0:00,
2022-07-14,0:00,
2022-07-15,0:00,
2022-07-16,0:00,
2022-07-17,0:00,
2022-07-18,0:00,
2022-07-19,0:00,
2022-07-20,0:00,
2022-07-21,0:00,
2022-07-22,0:00,
2022-07-23,0:00,
2022-07-24,0:00,
2022-07-25,0:00,
2022-07-26,0:00,
2022-07-27,0:00,
2022-07-28,0:00,
2022-07-29,0:00,
2022-07-30,0:00,
2022-07-31,0:00,
2022-08-01,0:00,
2022-08-02,0:00,
2022-08-03,0:00,
2022-08-04,0:00,
2022-08-05,0:00,
2022-08-06,0:00,
2022-08-07,0:00,
2022-08-08,0:00,
2022-08-09,0:00,
2022-08-10,0:00,
2022-08-11,0:00,
2022-08-12,0:00,
2022-08-13,0:00,
2022-08-14,0:00,
2022-08-15,0:00,
2022-08-16,0:00,
2022-08-17,0:00,
2022-08-18,0:00,
2022-08-19,0:00,
2022-08-20,0:00,
2022-08-21,0:00,
2022-08-22,0:00,
2022-08-23,0:00,
2022-08-24,0:00,
2022-08-25,0:00,
2022-08-26,0:00,
2022-08-27,0:00,
2022-08-28,0:00,
2022-08-29,0:00,
2022-08-30,0:00,
2022-08-31,0:00,
2022-09-01,0:00,
2022-09-02,0:00,
2022-09-03,0:00,
2022-09-04,0:00,
2022-09-05,0:00,
2022-09-06,0:00,
2022-09-07,0:00,
2022-09-08,0:00,
2022-09-09,0:00,
2022-09-10,0:00,
2022-09-11,0:00,
2022-09-12,0:00,
2022-09-13,0:00,
2022-09-14,0:00,
2022-09-15,0:00,
2022-09-16,0:00,
2022-09-17,0:00,
2022-09-18,0:00,
2022-09-19,0:00,
2022-09-20,0:00,
2022-09-21,0:00,
2022-09-22,0:00,
2022-09-23,0:00,
2022-09-24,0:00,
2022-09-25,0:00,
2022-09-26,0:00,
2022-09-27,0:00,
2022-09-28,0:00,
2022-09-29,0:00,
2022-09-30,0:00,
2022-10-01,0:00,
2022-10-02,0:00,
2022-10-03,0:00,
2022-10-04,0:00,
2022-10-05,0:00,
2022-10-06,0:00,
2022-10-07,0:00,
2022-10-08,0:00,
2022-10-09,0:00,
2022-10-10,0:00,
2022-10-11,0:00,
2022-10-12,0:00,
2022-10-13,0:00,
2022-10-14,0:00,
2022-10-15,0:00,
2022-10-16,0:00,
2022-10-17,0:00,
2022-10-18,0:00,
2022-10-19,0:00,
2022-10-20,0:00,
2022-10-21,0:00,
2022-10-22,0:00,
2022-10-23,0:00,
2022-10-24,0:00,
2022-10-25,0:00,
2022-10-26,0:00,
2022-10-27,0:00,
2022-10-28,0:00,
2022-10-29,0:00,
2022-10-30,0:00,
2022-10-31,0:00,
2022-11-01,0:00,
2022-11-02,0:00,
2022-11-03,0:00,
2022-11-04,0:00,
2022-11-05,0:00,
2022-11-06,0:00,
2022-11-07,0:00,
2022-11-08,0:00,
2022-11-09,0:00,
2022-11-10,0:00,
2022-11-11,0:00,
2022-11-12,0:00,
2022-11-13,0:00,
2022-11-14,0:00,
2022-11-15,0:00,
2022-11-16,0:00,
2022-11-17,0:00,
2022-11-18,0:00,
2022-11-19,0:00,
2022-11-20,0:00,
2022-11-21,0:00,
2022-11-22,0:00,
2022-11-23,0:00,
2022-11-24,0:00,
2022-11-25,0:00,
2022-11-26,0:00,
2022-11-27,0:00,
2022-11-28,0:00,
2022-11-29,0:00,
2022-11-30,0:00,
2022-12-01,0:00,
2022-12-02,0:00,
2022-12-03,0:00,
2022-12-04,0:00,
2022-12-05,0:00,
2022-12-06,0:00,
2022-12-07,0:00,
2022-12-08,0:00,
2022-12-09,0:00,
2022-12-10,0:00,
2022-12-11,0:00,
2022-12-12,0:00,
2022-12-13,0:00,
2022-12-14,0:00,
2022-12-15,0:00,
2022-12-16,0:00,
2022-12-17,0:00,
2022-12-18,0:00,
2022-12-19,0:00,
2022-12-20,0:00,
2022-12-21,0:00,
2022-12-22,0:00,
2022-12-23,0:00,
2022-12-24,0:00,
2022-12-25,0:00,
2022-12-26,0:00,
2022-12-27,0:00,
2022-12-28,0:00,
2022-12-29,0:00,
2022-12-30,0:00,
2022-12-31,0:00,
2023-01-01,0:00,
2023-01-02,0:00,
2023-01-03,0:00,
2023-01-04,0:00,
2023-01-05,0:00,
2023-01-06,0:00,
2023-01-07,0:00,
2023-01-08,0:00,
2023-01-09,0:00,
2023-01-10,0:00,
2023-01-11,0:00,
2023-01-12,0:00,
2023-01-13,0:00,
2023-01-14,0:00,
2023-01-15,0:00,
2023-01-16,0:00,
2023-01-17,0:00,
2023-01-18,0:00,
2023-01-19,0:00,
2023-01-20,0:00,
2023-01-21,0:00,
2023-01-22,0:00,
2023-01-23,0:00,
2023-01-24,0:00,
2023-01-25,0:00,
2023-01-26,0:00,
2023-01-27,0:00,
2023-01-28,0:00,
2023-01-29,0:00,
2023-01-30,0:00,
2023-01-31,0:00,
2023-02-01,0:00,
2023-02-02,0:00,
2023-02-03,0:00,
2023-02-04,0:00,
2023-02-05,0:00,
2023-02-06,0:00,
2023-02-07,0:00,
2023-02-08,0:00,
2023-02-09,0:00,
2023-02-10,0:00,
2023-02-11,0:00,
2023-02-12,0:00,
2023-02-13,0:00,
2023-02-14,0:00,
2023-02-15,0:00,
2023-02-16,0:00,
2023-02-17,0:00,
2023-02-18,0:00,
2023-02-19,0:00,
2023-02-20,0:00,
2023-02-21,0:00,
2023-02-22,0:00,
2023-02-23,0:00,
2023-02-24,0:00,
2023-02-25,0:00,
2023-02-26,0:00,
2023-02-27,0:00,
2023-02-28,0:00,
2023-03-01,0:00,
2023-03-02,0:00,
2023-03-03,0:00,
2023-03-04,0:00,
2023-03-05,0:00,
2023-03-06,0:00,
2023-03-07,0:00,
2023-03-08,0:00,
2023-03-09,0:00,
2023-03-10,0:00,
2023-03-11,0:00,
2023-03-12,0:00,
2023-03-13,0:00,
2023-03-14,0:00,
2023-03-15,0:00,
2023-03-16,0:00,
2023-03-17,0:00,
2023-03-18,0:00,
2023-03-19,0:00,
2023-03-20,0:00,
2023-03-21,0:00,
2023-03-22,0:00,
2023-03-23,0:00,
2023-03-24,0:00,
2023-03-25,0:00,
2023-03-26,0:00,
2023-03-27,0:00,
2023-03-28,0:00,
2023-03-29,0:00,
2023-03-30,0:00,
2023-03-31,0:00,
2023-04-01,0:00,
2023-04-02,0:00,
2023-04-03,0:00,
2023-04-04,0:00,
2023-04-05,0:00,
2023-04-06,0:00,
2023-04-07,0:00,
2023-04-08,0:00,
2023-04-09,0:00,
2023-04-10,0:00,
2023-04-11,0:00,
2023-04-12,0:00,
2023-04-13,0:00,
2023-04-14,0:00,
2023-04-15,0:00,
2023-04-16,0:00,
2023-04-17,0:00,
2023-04-18,0:00,
2023-04-19,0:00,
2023-04-20,0:00,
2023-04-21,0:00,
2023-04-22,0:00,
2023-04-23,0:00,
2023-04-24,0:00,
2023-04-25,0:00,
2023-04-26,0:00,6.591229064
2023-04-27,0:00,5.987436169
2023-04-28,0:00,5.531984078
2023-04-29,0:00,5.378235175
2023-04-30,0:00,5.270185185
2023-05-01,0:00,5.079377824
2023-05-02,0:00,4.934213764
2023-05-03,0:00,5.12137255
2023-05-04,0:00,5.10034623
2023-05-05,0:00,4.852524499
2023-05-06,0:00,4.934213764
2023-05-07,0:00,6.248320818
2023-05-08,0:00,7.024289321
2023-05-09,0:00,10.70378255
2023-05-10,0:00,7.15519348
2023-05-11,0:00,6.176430388
2023-05-12,0:00,5.421867378
2023-05-13,0:00,5.711270864
2023-05-14,0:00,6.200331949
2023-05-15,0:00,5.421867378
2023-05-16,0:00,4.954779042
2023-05-17,0:00,4.612902357
2023-05-18,0:00,4.3624024
2023-05-19,0:00,4.231373358
2023-05-20,0:00,4.06681684
2023-05-21,0:00,3.959529174
2023-05-22,0:00,3.924192585
2023-05-23,0:00,3.767790923
2023-05-24,0:00,3.649074141
2023-05-25,0:00,3.532889843
2023-05-26,0:00,3.598972386
2023-05-27,0:00,3.941834351
2023-05-28,0:00,4.084885327
2023-05-29,0:00,3.836776782
2023-05-30,0:00,3.854154475
2023-05-31,0:00,3.582374791
2023-06-01,0:00,3.435297953
2023-06-02,0:00,3.230078838
2023-06-03,0:00,3.123058438
2023-06-04,0:00,3.07792946
2023-06-05,0:00,3.033239482
2023-06-06,0:00,2.988986325
2023-06-07,0:00,3.018440001
2023-06-08,0:00,2.916195868
2023-06-09,0:00,2.916195868
2023-06-10,0:00,2.844602681
2023-06-11,0:00,2.802217269
2023-06-12,0:00,2.746364456
2023-06-13,0:00,2.70496783
2023-06-14,0:00,2.663991344
2023-06-15,0:00,2.650425504
2023-06-16,0:00,2.650425504
2023-06-17,0:00,2.636906025
2023-06-18,0:00,2.570001211
2023-06-19,0:00,2.530409491
2023-06-20,0:00,2.478259055
2023-06-21,0:00,2.478259055
2023-06-22,0:00,2.478259055
2023-06-23,0:00,2.351043658
2023-06-24,0:00,2.301408261
2023-06-25,0:00,2.289110081
2023-06-26,0:00,2.264645963
2023-06-27,0:00,2.204253322
2023-06-28,0:00,2.204253322
2023-06-29,0:00,2.168540912
2023-06-30,0:00,2.168540912
2023-07-01,0:00,2.156723489
2023-07-02,0:00,2.156723489
2023-07-03,0:00,2.144949289
2023-07-04,0:00,2.156723489
2023-07-05,0:00,2.075207269
2023-07-06,0:00,2.075207269
2023-07-07,0:00,2.052302069
2023-07-08,0:00,2.018262818
2023-07-09,0:00,2.040913259
2023-07-10,0:00,1.984603896
2023-07-11,0:00,2.007001026
2023-07-12,0:00,1.973468399
2023-07-13,0:00,1.984603896
2023-07-14,0:00,1.973468399
2023-07-15,0:00,1.984603896
2023-07-16,0:00,1.962374839
2023-07-17,0:00,1.940313211
2023-07-18,0:00,1.940313211
2023-07-19,0:00,1.940313211
2023-07-20,0:00,1.962374839
2023-07-21,0:00,1.940313211
2023-07-22,0:00,1.907533295
2023-07-23,0:00,1.907533295
2023-07-24,0:00,1.885887431
2023-07-25,0:00,1.864406749
2023-07-26,0:00,1.885887431
2023-07-27,0:00,1.853728151
2023-07-28,0:00,1.832494038
2023-07-29,0:00,1.853728151
2023-07-30,0:00,1.853728151
2023-07-31,0:00,1.896689675
2023-08-01,0:00,1.853728151
2023-08-02,0:00,1.832494038
2023-08-03,0:00,1.853728151
2023-08-04,0:00,1.832494038
2023-08-05,0:00,1.864406749
2023-08-06,0:00,1.907533295
2023-08-07,0:00,1.907533295
2023-08-08,0:00,1.896689675
2023-08-09,0:00,1.885887431
2023-08-10,0:00,1.907533295
2023-08-11,0:00,1.832494038
2023-08-12,0:00,1.843090607
2023-08-13,0:00,1.864406749
2023-08-14,0:00,1.821938364
2023-08-15,0:00,1.780123003
2023-08-16,0:00,1.769770597
2023-08-17,0:00,1.718613155
2023-08-18,0:00,1.718613155
2023-08-19,0:00,1.708502023
2023-08-20,0:00,1.718613155
2023-08-21,0:00,1.629043783
2023-08-22,0:00,1.668456014
2023-08-23,0:00,1.648670997
2023-08-24,0:00,1.65854374
2023-08-25,0:00,
2023-08-26,0:00,
2023-08-27,0:00,
2023-08-28,0:00,
2023-08-29,0:00,
2023-08-30,0:00,
2023-08-31,0:00,
2023-09-01,0:00,
2023-09-02,0:00,
2023-09-03,0:00,
2023-09-04,0:00,
2023-09-05,0:00,
2023-09-06,0:00,
2023-09-07,0:00,
2023-09-08,0:00,
2023-09-09,0:00,
2023-09-10,0:00,
2023-09-11,0:00,
2023-09-12,0:00,
2023-09-13,0:00,
2023-09-14,0:00,
2023-09-15,0:00,
2023-09-16,0:00,
2023-09-17,0:00,
2023-09-18,0:00,
2023-09-19,0:00,
2023-09-20,0:00,
2023-09-21,0:00,
2023-09-22,0:00,
2023-09-23,0:00,
2023-09-24,0:00,
2023-09-25,0:00,
2023-09-26,0:00,
2023-09-27,0:00,
2023-09-28,0:00,
2023-09-29,0:00,
2023-09-30,0:00,
2023-10-01,0:00,
2023-10-02,0:00,
2023-10-03,0:00,
2023-10-04,0:00,
2023-10-05,0:00,
2023-10-06,0:00,
2023-10-07,0:00,
2023-10-08,0:00,
2023-10-09,0:00,
2023-10-10,0:00,
2023-10-11,0:00,
2023-10-12,0:00,
2023-10-13,0:00,
2023-10-14,0:00,
2023-10-15,0:00,
2023-10-16,0:00,
2023-10-17,0:00,
2023-10-18,0:00,
2023-10-19,0:00,
2023-10-20,0:00,
2023-10-21,0:00,
2023-10-22,0:00,
2023-10-23,0:00,
2023-10-24,0:00,
2023-10-25,0:00,
2023-10-26,0:00,
2023-10-27,0:00,
2023-10-28,0:00,
2023-10-29,0:00,
2023-10-30,0:00,
2023-10-31,0:00,
2023-11-01,0:00,
2023-11-02,0:00,
2023-11-03,0:00,
2023-11-04,0:00,
2023-11-05,0:00,
2023-11-06,0:00,
2023-11-07,0:00,
2023-11-08,0:00,
2023-11-09,0:00,
2023-11-10,0:00,
2023-11-11,0:00,
2023-11-12,0:00,
2023-11-13,0:00,
2023-11-14,0:00,
2023-11-15,0:00,
2023-11-16,0:00,
2023-11-17,0:00,
2023-11-18,0:00,
2023-11-19,0:00,
2023-11-20,0:00,
2023-11-21,0:00,
2023-11-22,0:00,
2023-11-23,0:00,
2023-11-24,0:00,
2023-11-25,0:00,
2023-11-26,0:00,
2023-11-27,0:00,
2023-11-28,0:00,
2023-11-29,0:00,
2023-11-30,0:00,
2023-12-01,0:00,
2023-12-02,0:00,
2023-12-03,0:00,
2023-12-04,0:00,
2023-12-05,0:00,
2023-12-06,0:00,
2023-12-07,0:00,
2023-12-08,0:00,
2023-12-09,0:00,
2023-12-10,0:00,
2023-12-11,0:00,
2023-12-12,0:00,
2023-12-13,0:00,
2023-12-14,0:00,
2023-12-15,0:00,
2023-12-16,0:00,
2023-12-17,0:00,
2023-12-18,0:00,
2023-12-19,0:00,
2023-12-20,0:00,
2023-12-21,0:00,
2023-12-22,0:00,
2023-12-23,0:00,
2023-12-24,0:00,
2023-12-25,0:00,
2023-12-26,0:00,
2023-12-27,0:00,
2023-12-28,0:00,
2023-12-29,0:00,
2023-12-30,0:00,
2023-12-31,0:00,
2024-01-01,0:00,
2024-01-02,0:00,
2024-01-03,0:00,
2024-01-04,0:00,
2024-01-05,0:00,
2024-01-06,0:00,
2024-01-07,0:00,
2024-01-08,0:00,
2024-01-09,0:00,
2024-01-10,0:00,
2024-01-11,0:00,
2024-01-12,0:00,
2024-01-13,0:00,
2024-01-14,0:00,
2024-01-15,0:00,
2024-01-16,0:00,
2024-01-17,0:00,
2024-01-18,0:00,
2024-01-19,0:00,
2024-01-20,0:00,
2024-01-21,0:00,
2024-01-22,0:00,
2024-01-23,0:00,
2024-01-24,0:00,
2024-01-25,0:00,
2024-01-26,0:00,
2024-01-27,0:00,
2024-01-28,0:00,
2024-01-29,0:00,
2024-01-30,0:00,
2024-01-31,0:00,
2024-02-01,0:00,
2024-02-02,0:00,
2024-02-03,0:00,
2024-02-04,0:00,
2024-02-05,0:00,
2024-02-06,0:00,
2024-02-07,0:00,
2024-02-08,0:00,
2024-02-09,0:00,
2024-02-10,0:00,
2024-02-11,0:00,
2024-02-12,0:00,
2024-02-13,0:00,
2024-02-14,0:00,25.4477582
2024-02-15,0:00,40.80848013
2024-02-16,0:00,31.5522402
2024-02-17,0:00,23.5261634
2024-02-18,0:00,21.4284538
2024-02-19,0:00,24.11582292
2024-02-20,0:00,40.13562524
2024-02-21,0:00,20.56158024
2024-02-22,0:00,15.58091699
2024-02-23,0:00,13.38618535
2024-02-24,0:00,12.63909866
2024-02-25,0:00,27.47177051
2024-02-26,0:00,59.09222073
2024-02-27,0:00,47.86321603
2024-02-28,0:00,78.71923936
2024-02-29,0:00,70.36637341
2024-03-01,0:00,135.5972406
2024-03-02,0:00,98.27912836
2024-03-03,0:00,51.62866016
2024-03-04,0:00,118.0752161
2024-03-05,0:00,72.45804734
2024-03-06,0:00,54.24614371
2024-03-07,0:00,60.84345975
2024-03-08,0:00,60.51248971
2024-03-09,0:00,39.9685809
2024-03-10,0:00,28.45654693
2024-03-11,0:00,32.34181839
2024-03-12,0:00,23.99710801
2024-03-13,0:00,20.82990423
2024-03-14,0:00,18.6976732
2024-03-15,0:00,16.16491637
2024-03-16,0:00,13.70939853
2024-03-17,0:00,17.13897999
2024-03-18,0:00,46.83547364
2024-03-19,0:00,20.13709487
2024-03-20,0:00,50.84064861
2024-03-21,0:00,23.40940273
2024-03-22,0:00,35.32450507
2024-03-23,0:00,40.13562524
2024-03-24,0:00,25.20201323
2024-03-25,0:00,139.7997808
2024-03-26,0:00,60.18272803
2024-03-27,0:00,75.35369708
2024-03-28,0:00,59.7449216
2024-03-29,0:00,56.52918378
2024-03-30,0:00,63.76281783
2024-03-31,0:00,47.20746945
2024-04-01,0:00,37.75886403
2024-04-02,0:00,56.52918378
2024-04-03,0:00,35.94234118
2024-04-04,0:00,26.63699049
2024-04-05,0:00,28.32389892
2024-04-06,0:00,23.5261634
2024-04-07,0:00,21.53850421
2024-04-08,0:00,19.77052089
2024-04-09,0:00,32.48678546
2024-04-10,0:00,18.74785449
2024-04-11,0:00,28.39017102
2024-04-12,0:00,30.49650344
2024-04-13,0:00,34.94199407
2024-04-14,0:00,16.71684658
2024-04-15,0:00,13.10759603
2024-04-16,0:00,11.37287487
2024-04-17,0:00,10.32874355
2024-04-18,0:00,9.573226186
2024-04-19,0:00,10.32874355
2024-04-20,0:00,9.445733534
2024-04-21,0:00,8.674583844
2024-04-22,0:00,8.290801567
2024-04-23,0:00,7.862310346
2024-04-24,0:00,7.314423611
2024-04-25,0:00,11.22975023
2024-04-26,0:00,8.290801567
2024-04-27,0:00,7.585053047
2024-04-28,0:00,7.287722068
2024-04-29,0:00,6.566327531
2024-04-30,0:00,6.345043825
2024-05-01,0:00,6.12881261
2024-05-02,0:00,5.964087957
2024-05-03,0:00,6.442764855
2024-05-04,0:00,6.01084554
2024-05-05,0:00,5.643589167
2024-05-06,0:00,5.711270864
2024-05-07,0:00,5.825278465
2024-05-08,0:00,5.356507566
2024-05-09,0:00,4.996081719
2024-05-10,0:00,4.872861201
2024-05-11,0:00,4.893254925
2024-05-12,0:00,4.632561106
2024-05-13,0:00,4.419379847
2024-05-14,0:00,4.305919211
2024-05-15,0:00,5.825278465
2024-05-16,0:00,5.964087957
2024-05-17,0:00,6.998302526
2024-05-18,0:00,6.818196106
2024-05-19,0:00,5.666089683
2024-05-20,0:00,5.711270864
2024-05-21,0:00,5.058467251
2024-05-22,0:00,4.672046836
2024-05-23,0:00,4.400332312
2024-05-24,0:00,4.121183494
2024-05-25,0:00,4.012932795
2024-05-26,0:00,3.871584821
2024-05-27,0:00,3.767790923
2024-05-28,0:00,3.784958812
2024-05-29,0:00,3.615621422
2024-05-30,0:00,3.582374791
2024-05-31,0:00,3.419210327
2024-06-01,0:00,3.308007897
2024-06-02,0:00,3.230078838
2024-06-03,0:00,3.138199362
2024-06-04,0:00,3.048087498
2024-06-05,0:00,2.974331969
2024-06-06,0:00,2.816298386
2024-06-07,0:00,2.873096928
2024-06-08,0:00,2.802217269
2024-06-09,0:00,2.70496783
2024-06-10,0:00,2.718719916
2024-06-11,0:00,2.746364456
2024-06-12,0:00,2.732518764
2024-06-13,0:00,2.732518764
2024-06-14,0:00,2.691262427
2024-06-15,0:00,2.760257072
2024-06-16,0:00,2.691262427
2024-06-17,0:00,2.650425504
2024-06-18,0:00,2.650425504
2024-06-19,0:00,2.570001211
2024-06-20,0:00,2.916195868
2024-06-21,0:00,2.746364456
2024-06-22,0:00,2.732518764
2024-06-23,0:00,2.650425504
2024-06-24,0:00,2.623432825
2024-06-25,0:00,2.570001211
2024-06-26,0:00,2.543560988
2024-06-27,0:00,2.51730363
2024-06-28,0:00,2.478259055
2024-06-29,0:00,2.465334931
2024-06-30,0:00,2.439622303
2024-07-01,0:00,2.38873727
2024-07-02,0:00,2.38873727
2024-07-03,0:00,2.38873727
2024-07-04,0:00,2.414089964
2024-07-05,0:00,2.301408261
2024-07-06,0:00,2.276856009
2024-07-07,0:00,2.276856009
2024-07-08,0:00,2.264645963
2024-07-09,0:00,2.240357631
2024-07-10,0:00,2.204253322
2024-07-11,0:00,2.156723489
2024-07-12,0:00,2.156723489
2024-07-13,0:00,2.075207269
2024-07-14,0:00,2.075207269
2024-07-15,0:00,2.075207269
2024-07-16,0:00,2.109885222
2024-07-17,0:00,2.133218231
2024-07-18,0:00,2.156723489
2024-07-19,0:00,2.075207269
2024-07-20,0:00,2.075207269
2024-07-21,0:00,2.075207269
2024-07-22,0:00,2.075207269
2024-07-23,0:00,2.018262818
2024-07-24,0:00,2.040913259
2024-07-25,0:00,1.885887431
2024-07-26,0:00,2.007001026
2024-07-27,0:00,1.973468399
2024-07-28,0:00,1.984603896
2024-07-29,0:00,1.962374839
2024-07-30,0:00,1.962374839
2024-07-31,0:00,1.962374839
2024-08-01,0:00,2.018262818
2024-08-02,0:00,2.018262818
2024-08-03,0:00,1.885887431
2024-08-04,0:00,1.929344982
2024-08-05,0:00,1.962374839
2024-08-06,0:00,1.940313211
2024-08-07,0:00,1.885887431
2024-08-08,0:00,1.853728151
2024-08-09,0:00,1.853728151
2024-08-10,0:00,1.853728151
2024-08-11,0:00,1.800949376
2024-08-12,0:00,1.790515903
2024-08-13,0:00,1.780123003
2024-08-14,0:00,1.638837705
2024-08-15,0:00,1.759458603
2024-08-16,0:00,1.749186942
2024-08-17,0:00,1.718613155
2024-08-18,0:00,1.749186942
2024-08-19,0:00,1.718613155
2024-08-20,0:00,1.698430823
2024-08-21,0:00,1.580661933
2024-08-22,0:00,1.629043783
2024-08-23,0:00,1.65854374
2024-08-24,0:00,1.638837705
2024-08-25,0:00,1.629043783
2024-08-26,0:00,1.619289152
2024-08-27,0:00,1.648670997
2024-08-28,0:00,1.580661933
2024-08-29,0:00,1.599897442
2024-08-30,0:00,1.708502023
2024-08-31,0:00,1.638837705
2024-09-01,0:00,1.648670997
2024-09-02,0:00,1.468493207
2024-09-03,0:00,1.65854374
2024-09-04,0:00,1.629043783
2024-09-05,0:00,1.65854374
2024-09-06,0:00,1.514558479
2024-09-07,0:00,1.599897442
2024-09-08,0:00,1.629043783
2024-09-09,0:00,1.561581983
2024-09-10,0:00,1.590260202
2024-09-11,0:00,1.590260202
2024-09-12,0:00,1.523886201
2024-09-13,0:00,1.590260202
2024-09-14,0:00,1.580661933
2024-09-15,0:00,1.441309832
2024-09-16,0:00,1.648670997
2024-09-17,0:00,1.414465656
2024-09-18,0:00,1.571102553
2024-09-19,0:00,1.648670997
2024-09-20,0:00,1.561581983
2024-09-21,0:00,1.619289152
2024-09-22,0:00,1.477630083
2024-09-23,0:00,1.496017942
2024-09-24,0:00,1.441309832
2024-09-25,0:00,1.561581983
2024-09-26,0:00,1.514558479
2024-09-27,0:00,1.523886201
2024-09-28,0:00,1.929344982
2024-09-29,0:00,1.780123003
2024-09-30,0:00,1.780123003
2024-10-01,0:00,1.718613155
2024-10-02,0:00,1.885887431
2024-10-03,0:00,1.590260202
2024-10-04,0:00,1.769770597
2024-10-05,0:00,1.790515903
2024-10-06,0:00,1.759458603
2024-10-07,0:00,1.668456014
2024-10-08,0:00,1.638837705
2024-10-09,0:00,1.708502023
2024-10-10,0:00,1.580661933
2024-10-11,0:00,1.561581983
2024-10-12,0:00,1.514558479
2024-10-13,0:00,1.496017942
2024-10-14,0:00,1.619289152
2024-10-15,0:00,1.542656953
2024-10-16,0:00,2.301408261
2024-10-17,0:00,1.668456014
2024-10-18,0:00,1.65854374
2024-10-19,0:00,1.638837705
2024-10-20,0:00,1.533252332
2024-10-21,0:00,1.477630083
2024-10-22,0:00,1.468493207
2024-10-23,0:00,1.496017942
2024-10-24,0:00,1.599897442
2024-10-25,0:00,1.800949376
2024-10-26,0:00,2.478259055
2024-10-27,0:00,1.929344982
2024-10-28,0:00,1.790515903
2024-10-29,0:00,1.800949376
2024-10-30,0:00,1.718613155
2024-10-31,0:00,1.65854374
2024-11-01,0:00,1.780123003
2024-11-02,0:00,1.648670997
2024-11-03,0:00,1.561581983
2024-11-04,0:00,2.144949289
2024-11-05,0:00,1.542656953
2024-11-06,0:00,2.168540912
2024-11-07,0:00,2.478259055
2024-11-08,0:00,1.907533295
2024-11-09,0:00,1.790515903
2024-11-10,0:00,1.843090607
2024-11-11,0:00,3.048087498
2024-11-12,0:00,2.746364456
2024-11-13,0:00,2.439622303
2024-11-14,0:00,2.052302069
2024-11-15,0:00,2.192305748
2024-11-16,0:00,2.313750628
2024-11-17,0:00,3.63232198
2024-11-18,0:00,3.276686875
2024-11-19,0:00,2.583290097
2024-11-20,0:00,2.168540912
2024-11-21,0:00,2.040913259
2024-11-22,0:00,2.351043658
2024-11-23,0:00,2.988986325
2024-11-24,0:00,3.500155603
2024-11-25,0:00,4.954779042
2024-11-26,0:00,5.142456864
2024-11-27,0:00,4.476853735
2024-11-28,0:00,4.084885327
2024-11-29,0:00,7.91856431
2024-11-30,0:00,10.32874355
2024-12-01,0:00,8.031879953
2024-12-02,0:00,10.70378255
2024-12-03,0:00,10.09472685
2024-12-04,0:00,10.87722872
2024-12-05,0:00,11.73602229
2024-12-06,0:00,7.128883019
2024-12-07,0:00,5.487759359
2024-12-08,0:00,4.672046836
2024-12-09,0:00,5.12137255
2024-12-10,0:00,10.02852353
2024-12-11,0:00,6.691467896
2024-12-12,0:00,11.92047388
2024-12-13,0:00,10.56636729
2024-12-14,0:00,9.225367553
2024-12-15,0:00,
2024-12-16,0:00,
2024-12-17,0:00,
2024-12-18,0:00,
2024-12-19,0:00,
2024-12-20,0:00,
2024-12-21,0:00,
2024-12-22,0:00,
2024-12-23,0:00,
2024-12-24,0:00,10.98219481
2024-12-25,0:00,8.795021058
2024-12-26,0:00,9.350864139
2024-12-27,0:00,8.886080518
2024-12-28,0:00,11.12320227
2024-12-29,0:00,8.175045686
2024-12-30,0:00,8.644648175
2024-12-31,0:00,7.34119062
2025-01-01,0:00,21.75973972
2025-01-02,0:00,
2025-01-03,0:00,
2025-01-04,0:00,
2025-01-05,0:00,
2025-01-06,0:00,
2025-01-07,0:00,
2025-01-08,0:00,26.51009105
2025-01-09,0:00,
2025-01-10,0:00,
2025-01-11,0:00,12.83291806
2025-01-12,0:00,
2025-01-13,0:00,24.65491074
2025-01-14,0:00,
2025-01-15,0:00,11.48101672
2025-01-16,0:00,9.256635236
2025-01-17,0:00,8.060377612
2025-01-18,0:00,7.102637454
2025-01-19,0:00,11.95759574
2025-01-20,0:00,25229804219
2025-01-21,0:00,23499415436
2025-01-22,0:00,33162201655
2025-01-23,0:00,32457983577
2025-01-24,0:00,44793470298
2025-01-25,0:00,30183046417
2025-01-26,0:00,24643844418
2025-01-27,0:00,46749319288
2025-01-28,0:00,34036722726
2025-01-29,0:00,31155263339
2025-01-30,0:00,22029662023
2025-01-31,0:00,19830624339
2025-02-01,0:00,49789108284
2025-02-02,0:00,95717205245
2025-02-03,0:00,74309605699
2025-02-04,0:00,38120298062
2025-02-05,0:00,30.49650344
2025-02-06,0:00,25361272686
2025-02-07,0:00,22089636379
2025-02-08,0:00,18573889161
2025-02-09,0:00,27736859132
2025-02-10,0:00,29594981539
2025-02-11,0:00,47147231763
2025-02-12,0:00,75670999888
2025-02-13,0:00,1.17933E+11
2025-02-14,0:00,1.63124E+11
2025-02-15,0:00,90988001789
2025-02-16,0:00,38.00024089
2025-02-17,0:00,50100173176
2025-02-18,0:00,72298434189
2025-02-19,0:00,40866170263
2025-02-20,0:00,33004833000
2025-02-21,0:00,68002897773
2025-02-22,0:00,34601203031
2025-02-23,0:00,70454546974
2025-02-24,0:00,73904411068
