08/04/2016,0:00,0.469727132
09/04/2016,0:00,14.41350201
10/04/2016,0:00,22.48926146
11/04/2016,0:00,17.56819618
12/04/2016,0:00,8.466486429
13/04/2016,0:00,6.818196106
14/04/2016,0:00,5.688650222
15/04/2016,0:00,5.291677734
16/04/2016,0:00,4.934213764
17/04/2016,0:00,5.825278465
18/04/2016,0:00,5.554185701
19/04/2016,0:00,6.691467896
20/04/2016,0:00,11.66278038
21/04/2016,0:00,8.795021058
22/04/2016,0:00,9.256635236
23/04/2016,0:00,8.437034088
24/04/2016,0:00,6.01084554
25/04/2016,0:00,5.058467251
26/04/2016,0:00,4.554261606
27/04/2016,0:00,4.012932795
28/04/2016,0:00,3.871584821
29/04/2016,0:00,3.5493336
30/04/2016,0:00,3.435297953
01/05/2016,0:00,3.308007897
02/05/2016,0:00,3.168628593
03/05/2016,0:00,3.214642102
04/05/2016,0:00,3.048087498
05/05/2016,0:00,2.930657855
06/05/2016,0:00,2.83042683
07/05/2016,0:00,2.916195868
08/05/2016,0:00,2.887415485
09/05/2016,0:00,2.887415485
10/05/2016,0:00,2.788183398
11/05/2016,0:00,2.70496783
12/05/2016,0:00,2.636906025
13/05/2016,0:00,2.650425504
14/05/2016,0:00,2.543560988
15/05/2016,0:00,2.570001211
16/05/2016,0:00,2.583290097
17/05/2016,0:00,2.543560988
18/05/2016,0:00,2.439622303
19/05/2016,0:00,2.401391202
20/05/2016,0:00,2.301408261
21/05/2016,0:00,2.326137262
22/05/2016,0:00,2.313750628
23/05/2016,0:00,2.760257072
24/05/2016,0:00,2.916195868
25/05/2016,0:00,2.718719916
26/05/2016,0:00,2.623432825
27/05/2016,0:00,2.478259055
28/05/2016,0:00,2.363563579
29/05/2016,0:00,2.264645963
30/05/2016,0:00,2.204253322
31/05/2016,0:00,2.204253322
01/06/2016,0:00,2.075207269
02/06/2016,0:00,2.109885222
03/06/2016,0:00,2.040913259
04/06/2016,0:00,2.052302069
05/06/2016,0:00,1.962374839
06/06/2016,0:00,1.984603896
07/06/2016,0:00,1.973468399
08/06/2016,0:00,1.929344982
09/06/2016,0:00,2.007001026
10/06/2016,0:00,1.929344982
11/06/2016,0:00,2.018262818
12/06/2016,0:00,1.91841837
13/06/2016,0:00,1.896689675
14/06/2016,0:00,1.940313211
15/06/2016,0:00,1.853728151
16/06/2016,0:00,1.896689675
17/06/2016,0:00,1.728764298
18/06/2016,0:00,1.769770597
19/06/2016,0:00,1.790515903
20/06/2016,0:00,1.769770597
21/06/2016,0:00,1.769770597
22/06/2016,0:00,1.759458603
23/06/2016,0:00,1.718613155
24/06/2016,0:00,1.790515903
25/06/2016,0:00,1.668456014
26/06/2016,0:00,1.648670997
27/06/2016,0:00,1.629043783
28/06/2016,0:00,1.65854374
29/06/2016,0:00,1.728764298
30/06/2016,0:00,1.864406749
01/07/2016,0:00,1.885887431
02/07/2016,0:00,1.728764298
03/07/2016,0:00,1.688399475
04/07/2016,0:00,1.668456014
05/07/2016,0:00,1.65854374
06/07/2016,0:00,1.688399475
07/07/2016,0:00,1.780123003
08/07/2016,0:00,1.864406749
09/07/2016,0:00,2.018262818
10/07/2016,0:00,1.896689675
11/07/2016,0:00,1.780123003
12/07/2016,0:00,1.708502023
13/07/2016,0:00,1.668456014
14/07/2016,0:00,1.708502023
15/07/2016,0:00,1.619289152
16/07/2016,0:00,1.619289152
17/07/2016,0:00,1.648670997
18/07/2016,0:00,1.571102553
19/07/2016,0:00,1.580661933
20/07/2016,0:00,1.561581983
21/07/2016,0:00,1.638837705
22/07/2016,0:00,1.523886201
23/07/2016,0:00,1.533252332
24/07/2016,0:00,1.533252332
25/07/2016,0:00,1.514558479
26/07/2016,0:00,1.523886201
27/07/2016,0:00,1.505269086
28/07/2016,0:00,1.477630083
29/07/2016,0:00,1.477630083
30/07/2016,0:00,1.468493207
31/07/2016,0:00,1.459394259
01/08/2016,0:00,1.459394259
02/08/2016,0:00,1.441309832
03/08/2016,0:00,1.414465656
04/08/2016,0:00,1.441309832
05/08/2016,0:00,1.441309832
06/08/2016,0:00,1.405592602
07/08/2016,0:00,1.396756916
08/08/2016,0:00,1.396756916
09/08/2016,0:00,1.405592602
10/08/2016,0:00,1.396756916
11/08/2016,0:00,1.459394259
12/08/2016,0:00,1.387958519
13/08/2016,0:00,1.396756916
14/08/2016,0:00,1.37919733
15/08/2016,0:00,1.353136217
16/08/2016,0:00,1.318904135
17/08/2016,0:00,1.327407102
18/08/2016,0:00,1.405592602
19/08/2016,0:00,1.344523064
20/08/2016,0:00,1.353136217
21/08/2016,0:00,1.353136217
22/08/2016,0:00,1.318904135
23/08/2016,0:00,1.327407102
24/08/2016,0:00,1.302007826
25/08/2016,0:00,1.353136217
26/08/2016,0:00,1.293614324
27/08/2016,0:00,1.302007826
28/08/2016,0:00,1.353136217
29/08/2016,0:00,1.293614324
30/08/2016,0:00,1.353136217
31/08/2016,0:00,1.244013425
01/09/2016,0:00,1.302007826
02/09/2016,0:00,1.235872547
03/09/2016,0:00,1.195703098
04/09/2016,0:00,1.211664209
05/09/2016,0:00,1.187775637
06/09/2016,0:00,1.187775637
07/09/2016,0:00,1.164204674
08/09/2016,0:00,1.344523064
09/09/2016,0:00,1.195703098
10/09/2016,0:00,1.211664209
11/09/2016,0:00,1.179883466
12/09/2016,0:00,1.164204674
13/09/2016,0:00,1.140949164
14/09/2016,0:00,1.140949164
15/09/2016,0:00,1.211664209
16/09/2016,0:00,1.140949164
17/09/2016,0:00,1.133267055
18/09/2016,0:00,1.140949164
19/09/2016,0:00,1.095375875
20/09/2016,0:00,1.133267055
21/09/2016,0:00,1.172026505
22/09/2016,0:00,1.335946719
23/09/2016,0:00,1.285257152
24/09/2016,0:00,1.244013425
25/09/2016,0:00,1.285257152
26/09/2016,0:00,1.327407102
27/09/2016,0:00,1.276936229
28/09/2016,0:00,1.244013425
29/09/2016,0:00,1.450333161
30/09/2016,0:00,1.353136217
01/10/2016,0:00,1.327407102
02/10/2016,0:00,1.302007826
03/10/2016,0:00,1.36178626
04/10/2016,0:00,1.496017942
05/10/2016,0:00,1.599897442
06/10/2016,0:00,1.450333161
07/10/2016,0:00,1.459394259
08/10/2016,0:00,1.335946719
09/10/2016,0:00,1.244013425
10/10/2016,0:00,1.235872547
11/10/2016,0:00,1.268651474
12/10/2016,0:00,1.268651474
13/10/2016,0:00,1.318904135
14/10/2016,0:00,1.219698019
15/10/2016,0:00,1.211664209
16/10/2016,0:00,1.195703098
17/10/2016,0:00,1.211664209
18/10/2016,0:00,1.235872547
19/10/2016,0:00,1.235872547
20/10/2016,0:00,1.268651474
21/10/2016,0:00,1.235872547
22/10/2016,0:00,1.37919733
23/10/2016,0:00,1.318904135
24/10/2016,0:00,1.276936229
25/10/2016,0:00,1.195703098
26/10/2016,0:00,1.235872547
27/10/2016,0:00,1.235872547
28/10/2016,0:00,1.459394259
29/10/2016,0:00,1.252190152
30/10/2016,0:00,1.227767438
31/10/2016,0:00,1.244013425
01/11/2016,0:00,1.211664209
02/11/2016,0:00,1.172026505
03/11/2016,0:00,1.219698019
04/11/2016,0:00,1.125619676
05/11/2016,0:00,1.148666083
06/11/2016,0:00,1.118006949
07/11/2016,0:00,1.133267055
08/11/2016,0:00,1.110428793
09/11/2016,0:00,1.211664209
10/11/2016,0:00,1.211664209
11/11/2016,0:00,1.133267055
12/11/2016,0:00,1.080460283
13/11/2016,0:00,1.133267055
14/11/2016,0:00,1.065681379
15/11/2016,0:00,1.036531082
16/11/2016,0:00,0.993814838
17/11/2016,0:00,1.118006949
18/11/2016,0:00,1.065681379
19/11/2016,0:00,1.095375875
20/11/2016,0:00,1.043767917
21/11/2016,0:00,1.036531082
22/11/2016,0:00,1.022158412
23/11/2016,0:00,1.087900953
24/11/2016,0:00,1.125619676
25/11/2016,0:00,1.022158412
26/11/2016,0:00,1.058342986
27/11/2016,0:00,1.043767917
28/11/2016,0:00,1.080460283
29/11/2016,0:00,1.065681379
30/11/2016,0:00,1.073053785
01/12/2016,0:00,1.125619676
02/12/2016,0:00,1.080460283
03/12/2016,0:00,1.133267055
04/12/2016,0:00,1.244013425
05/12/2016,0:00,1.514558479
06/12/2016,0:00,1.648670997
07/12/2016,0:00,1.302007826
08/12/2016,0:00,1.318904135
09/12/2016,0:00,1.450333161
10/12/2016,0:00,1.91841837
11/12/2016,0:00,1.821938364
12/12/2016,0:00,1.468493207
13/12/2016,0:00,1.335946719
14/12/2016,0:00,1.293614324
15/12/2016,0:00,1.302007826
16/12/2016,0:00,1.468493207
17/12/2016,0:00,1.327407102
18/12/2016,0:00,1.327407102
19/12/2016,0:00,1.276936229
20/12/2016,0:00,1.293614324
21/12/2016,0:00,1.293614324
22/12/2016,0:00,1.590260202
23/12/2016,0:00,1.396756916
24/12/2016,0:00,1.293614324
25/12/2016,0:00,1.235872547
26/12/2016,0:00,1.244013425
27/12/2016,0:00,1.629043783
28/12/2016,0:00,1.450333161
29/12/2016,0:00,1.387958519
30/12/2016,0:00,1.590260202
31/12/2016,0:00,2.075207269
01/01/2017,0:00,3.214642102
02/01/2017,0:00,2.491228492
03/01/2017,0:00,5.733951691
04/01/2017,0:00,9.541245622
05/01/2017,0:00,11.99479496
06/01/2017,0:00,10.26151479
07/01/2017,0:00,7.612479181
08/01/2017,0:00,11.48101672
09/01/2017,0:00,7.503171993
10/01/2017,0:00,7.91856431
11/01/2017,0:00,10.36246831
12/01/2017,0:00,8.555256592
13/01/2017,0:00,14.7530645
14/01/2017,0:00,17.0917276
15/01/2017,0:00,31.05656716
16/01/2017,0:00,55.58758837
17/01/2017,0:00,80.57247104
18/01/2017,0:00,76.50755199
19/01/2017,0:00,60.29251447
20/01/2017,0:00,34.41115513
21/01/2017,0:00,45.00492387
22/01/2017,0:00,32.48678546
23/01/2017,0:00,44.01886382
24/01/2017,0:00,67.01010785
25/01/2017,0:00,78.32587001
26/01/2017,0:00,89.84706479
27/01/2017,0:00,77.9338198
28/01/2017,0:00,84.77960557
29/01/2017,0:00,34.03531075
30/01/2017,0:00,20.88384901
31/01/2017,0:00,17.37655518
01/02/2017,0:00,21.10056411
02/02/2017,0:00,13.66871407
03/02/2017,0:00,14.66767693
04/02/2017,0:00,11.22975023
05/02/2017,0:00,9.669598624
06/02/2017,0:00,13.62811057
07/02/2017,0:00,11.37287487
08/02/2017,0:00,14.03779896
09/02/2017,0:00,24.23493066
10/02/2017,0:00,23.81977073
11/02/2017,0:00,46.55776924
12/02/2017,0:00,52.5249067
13/02/2017,0:00,64.33477984
14/02/2017,0:00,61.28663669
15/02/2017,0:00,44.73454615
16/02/2017,0:00,31.83784735
17/02/2017,0:00,54.86254432
18/02/2017,0:00,38.89413227
19/02/2017,0:00,22.37597695
20/02/2017,0:00,35.86471888
21/02/2017,0:00,29.2611848
22/02/2017,0:00,18.79812592
23/02/2017,0:00,20.34859599
24/02/2017,0:00,37.91966742
25/02/2017,0:00,34.63799096
26/02/2017,0:00,58.76766938
27/02/2017,0:00,95.11355161
28/02/2017,0:00,114.3244741
01/03/2017,0:00,79.50994448
02/03/2017,0:00,42.09037373
03/03/2017,0:00,32.77802435
04/03/2017,0:00,43.57548118
05/03/2017,0:00,27.86289387
06/03/2017,0:00,37.51851653
07/03/2017,0:00,28.45654693
08/03/2017,0:00,34.33576495
09/03/2017,0:00,34.41115513
10/03/2017,0:00,57.69445968
11/03/2017,0:00,47.02122508
12/03/2017,0:00,33.81112967
13/03/2017,0:00,22.6599077
14/03/2017,0:00,21.10056411
15/03/2017,0:00,27.92844163
16/03/2017,0:00,36.17588326
17/03/2017,0:00,32.99759777
18/03/2017,0:00,34.26048549
19/03/2017,0:00,20.66863019
20/03/2017,0:00,21.64893263
21/03/2017,0:00,16.16491637
22/03/2017,0:00,13.22651088
23/03/2017,0:00,18.94948195
24/03/2017,0:00,21.26408554
25/03/2017,0:00,30.14992312
26/03/2017,0:00,32.48678546
27/03/2017,0:00,23.23499064
28/03/2017,0:00,24.95786326
29/03/2017,0:00,28.5896105
30/03/2017,0:00,32.19728536
31/03/2017,0:00,44.82455079
01/04/2017,0:00,38.48609164
02/04/2017,0:00,24.53442293
03/04/2017,0:00,43.48716523
04/04/2017,0:00,26.25750853
05/04/2017,0:00,29.46469848
06/04/2017,0:00,16.21043714
07/04/2017,0:00,15.40411148
08/04/2017,0:00,16.57769907
09/04/2017,0:00,13.18679264
10/04/2017,0:00,13.14715438
11/04/2017,0:00,12.83291806
12/04/2017,0:00,10.87722872
13/04/2017,0:00,15.05454287
14/04/2017,0:00,11.99479496
15/04/2017,0:00,9.0700901
16/04/2017,0:00,8.146276889
17/04/2017,0:00,7.612479181
18/04/2017,0:00,10.09472685
19/04/2017,0:00,10.49810509
20/04/2017,0:00,7.476010486
21/04/2017,0:00,6.418240749
22/04/2017,0:00,5.598767876
23/04/2017,0:00,6.345043825
24/04/2017,0:00,6.248320818
25/04/2017,0:00,5.531984078
26/04/2017,0:00,4.954779042
27/04/2017,0:00,5.643589167
28/04/2017,0:00,7.585053047
29/04/2017,0:00,10.26151479
30/04/2017,0:00,17.18631981
01/05/2017,0:00,12.33308315
02/05/2017,0:00,8.977769465
03/05/2017,0:00,7.421885249
04/05/2017,0:00,8.407650468
05/05/2017,0:00,7.667530609
06/05/2017,0:00,9.864289195
07/05/2017,0:00,12.33308315
08/05/2017,0:00,9.831660066
09/05/2017,0:00,8.76480741
10/05/2017,0:00,6.946522322
11/05/2017,0:00,6.97238022
12/05/2017,0:00,6.616193785
13/05/2017,0:00,5.666089683
14/05/2017,0:00,4.996081719
15/05/2017,0:00,4.731697228
16/05/2017,0:00,5.142456864
17/05/2017,0:00,5.576446939
18/05/2017,0:00,4.632561106
19/05/2017,0:00,4.103007518
20/05/2017,0:00,3.977277135
21/05/2017,0:00,4.103007518
22/05/2017,0:00,4.612902357
23/05/2017,0:00,5.509841992
24/05/2017,0:00,5.163599255
25/05/2017,0:00,4.554261606
26/05/2017,0:00,4.121183494
27/05/2017,0:00,3.871584821
28/05/2017,0:00,4.3624024
29/05/2017,0:00,4.593299578
30/05/2017,0:00,4.996081719
31/05/2017,0:00,4.672046836
01/06/2017,0:00,5.291677734
02/06/2017,0:00,4.476853735
03/06/2017,0:00,4.996081719
04/06/2017,0:00,4.573752688
05/06/2017,0:00,3.995078315
06/06/2017,0:00,3.665877985
07/06/2017,0:00,3.532889843
08/06/2017,0:00,3.308007897
09/06/2017,0:00,3.092923568
10/06/2017,0:00,2.887415485
11/06/2017,0:00,2.930657855
12/06/2017,0:00,2.802217269
13/06/2017,0:00,2.718719916
14/06/2017,0:00,2.650425504
15/06/2017,0:00,2.623432825
16/06/2017,0:00,2.556758201
17/06/2017,0:00,2.452456041
18/06/2017,0:00,2.289110081
19/06/2017,0:00,2.276856009
20/06/2017,0:00,2.228279183
21/06/2017,0:00,2.276856009
22/06/2017,0:00,2.21624444
23/06/2017,0:00,2.192305748
24/06/2017,0:00,2.063733379
25/06/2017,0:00,2.086723819
26/06/2017,0:00,2.075207269
27/06/2017,0:00,2.040913259
28/06/2017,0:00,2.018262818
29/06/2017,0:00,2.018262818
30/06/2017,0:00,1.962374839
01/07/2017,0:00,2.052302069
02/07/2017,0:00,2.109885222
03/07/2017,0:00,2.83042683
04/07/2017,0:00,2.439622303
05/07/2017,0:00,2.313750628
06/07/2017,0:00,2.144949289
07/07/2017,0:00,2.075207269
08/07/2017,0:00,1.984603896
09/07/2017,0:00,1.929344982
10/07/2017,0:00,1.962374839
11/07/2017,0:00,1.929344982
12/07/2017,0:00,1.907533295
13/07/2017,0:00,1.821938364
14/07/2017,0:00,1.718613155
15/07/2017,0:00,1.728764298
16/07/2017,0:00,1.648670997
17/07/2017,0:00,1.749186942
18/07/2017,0:00,1.698430823
19/07/2017,0:00,1.688399475
20/07/2017,0:00,1.648670997
21/07/2017,0:00,1.523886201
22/07/2017,0:00,1.542656953
23/07/2017,0:00,1.505269086
24/07/2017,0:00,1.580661933
25/07/2017,0:00,1.542656953
26/07/2017,0:00,1.514558479
27/07/2017,0:00,1.514558479
28/07/2017,0:00,1.432324191
29/07/2017,0:00,1.450333161
30/07/2017,0:00,1.450333161
31/07/2017,0:00,1.505269086
01/08/2017,0:00,1.496017942
02/08/2017,0:00,1.468493207
03/08/2017,0:00,1.414465656
04/08/2017,0:00,1.353136217
05/08/2017,0:00,1.405592602
06/08/2017,0:00,1.353136217
07/08/2017,0:00,1.37919733
08/08/2017,0:00,1.353136217
09/08/2017,0:00,1.353136217
10/08/2017,0:00,1.344523064
11/08/2017,0:00,1.344523064
12/08/2017,0:00,1.335946719
13/08/2017,0:00,1.335946719
14/08/2017,0:00,1.353136217
15/08/2017,0:00,1.353136217
16/08/2017,0:00,1.327407102
17/08/2017,0:00,1.327407102
18/08/2017,0:00,1.335946719
19/08/2017,0:00,1.327407102
20/08/2017,0:00,1.276936229
21/08/2017,0:00,1.252190152
22/08/2017,0:00,1.252190152
23/08/2017,0:00,1.268651474
24/08/2017,0:00,1.293614324
25/08/2017,0:00,1.327407102
26/08/2017,0:00,1.327407102
27/08/2017,0:00,1.293614324
28/08/2017,0:00,1.293614324
29/08/2017,0:00,1.302007826
30/08/2017,0:00,1.353136217
31/08/2017,0:00,1.405592602
01/09/2017,0:00,1.396756916
02/09/2017,0:00,1.353136217
03/09/2017,0:00,1.344523064
04/09/2017,0:00,1.327407102
05/09/2017,0:00,1.335946719
06/09/2017,0:00,1.318904135
07/09/2017,0:00,1.327407102
08/09/2017,0:00,1.405592602
09/09/2017,0:00,1.387958519
10/09/2017,0:00,1.36178626
11/09/2017,0:00,1.327407102
12/09/2017,0:00,1.387958519
13/09/2017,0:00,1.353136217
14/09/2017,0:00,1.36178626
15/09/2017,0:00,1.36178626
16/09/2017,0:00,1.387958519
17/09/2017,0:00,1.468493207
18/09/2017,0:00,1.65854374
19/09/2017,0:00,1.843090607
20/09/2017,0:00,1.780123003
21/09/2017,0:00,1.523886201
22/09/2017,0:00,1.450333161
23/09/2017,0:00,1.896689675
24/09/2017,0:00,1.432324191
25/09/2017,0:00,1.533252332
26/09/2017,0:00,1.864406749
27/09/2017,0:00,1.65854374
28/09/2017,0:00,1.571102553
29/09/2017,0:00,1.441309832
30/09/2017,0:00,1.405592602
01/10/2017,0:00,1.387958519
02/10/2017,0:00,1.344523064
03/10/2017,0:00,1.252190152
04/10/2017,0:00,1.285257152
05/10/2017,0:00,1.335946719
06/10/2017,0:00,1.302007826
07/10/2017,0:00,1.327407102
08/10/2017,0:00,1.496017942
09/10/2017,0:00,1.227767438
10/10/2017,0:00,1.293614324
11/10/2017,0:00,1.302007826
12/10/2017,0:00,1.353136217
13/10/2017,0:00,2.144949289
14/10/2017,0:00,1.523886201
15/10/2017,0:00,2.746364456
16/10/2017,0:00,4.157697123
17/10/2017,0:00,4.287200938
18/10/2017,0:00,3.500155603
19/10/2017,0:00,2.930657855
20/10/2017,0:00,2.478259055
21/10/2017,0:00,2.746364456
22/10/2017,0:00,2.732518764
23/10/2017,0:00,2.556758201
24/10/2017,0:00,2.313750628
25/10/2017,0:00,2.264645963
26/10/2017,0:00,2.109885222
27/10/2017,0:00,1.984603896
28/10/2017,0:00,2.168540912
29/10/2017,0:00,2.313750628
30/10/2017,0:00,3.500155603
31/10/2017,0:00,2.478259055
01/11/2017,0:00,2.156723489
02/11/2017,0:00,1.907533295
03/11/2017,0:00,1.885887431
04/11/2017,0:00,1.843090607
05/11/2017,0:00,1.800949376
06/11/2017,0:00,1.780123003
07/11/2017,0:00,2.228279183
08/11/2017,0:00,1.853728151
09/11/2017,0:00,1.668456014
10/11/2017,0:00,1.65854374
11/11/2017,0:00,1.718613155
12/11/2017,0:00,2.109885222
13/11/2017,0:00,2.439622303
14/11/2017,0:00,2.109885222
15/11/2017,0:00,1.940313211
16/11/2017,0:00,1.853728151
17/11/2017,0:00,1.896689675
18/11/2017,0:00,2.452456041
19/11/2017,0:00,2.610005824
20/11/2017,0:00,2.439622303
21/11/2017,0:00,1.929344982
22/11/2017,0:00,1.843090607
23/11/2017,0:00,1.749186942
24/11/2017,0:00,2.663991344
25/11/2017,0:00,2.650425504
26/11/2017,0:00,2.264645963
27/11/2017,0:00,2.204253322
28/11/2017,0:00,4.400332312
29/11/2017,0:00,7.128883019
30/11/2017,0:00,5.825278465
01/12/2017,0:00,6.691467896
02/12/2017,0:00,5.016819279
03/12/2017,0:00,4.103007518
04/12/2017,0:00,3.123058438
05/12/2017,0:00,2.816298386
06/12/2017,0:00,2.650425504
07/12/2017,0:00,2.452456041
08/12/2017,0:00,2.276856009
09/12/2017,0:00,2.465334931
10/12/2017,0:00,2.732518764
11/12/2017,0:00,2.326137262
12/12/2017,0:00,2.063733379
13/12/2017,0:00,1.962374839
14/12/2017,0:00,2.086723819
15/12/2017,0:00,2.144949289
16/12/2017,0:00,2.401391202
17/12/2017,0:00,2.192305748
18/12/2017,0:00,2.530409491
19/12/2017,0:00,3.230078838
20/12/2017,0:00,3.649074141
21/12/2017,0:00,4.012932795
22/12/2017,0:00,4.954779042
23/12/2017,0:00,5.334838843
24/12/2017,0:00,5.576446939
25/12/2017,0:00,6.176430388
26/12/2017,0:00,6.741968069
27/12/2017,0:00,6.393779262
28/12/2017,0:00,9.194170709
29/12/2017,0:00,8.290801567
30/12/2017,0:00,6.946522322
31/12/2017,0:00,11.69936294
01/01/2018,0:00,8.26176033
02/01/2018,0:00,29.3289177
03/01/2018,0:00,31.26835467
04/01/2018,0:00,35.47829157
05/01/2018,0:00,26.70059254
06/01/2018,0:00,19.30581659
07/01/2018,0:00,33.43969664
08/01/2018,0:00,34.8658264
09/01/2018,0:00,33.96047342
10/01/2018,0:00,43.57548118
11/01/2018,0:00,30.70572734
12/01/2018,0:00,31.12705587
13/01/2018,0:00,33.51376342
14/01/2018,0:00,19.15255707
15/01/2018,0:00,13.50678507
16/01/2018,0:00,13.62811057
17/01/2018,0:00,16.30173617
18/01/2018,0:00,19.77052089
19/01/2018,0:00,28.25773054
20/01/2018,0:00,21.98249257
21/01/2018,0:00,31.05656716
22/01/2018,0:00,25.20201323
23/01/2018,0:00,33.73662307
24/01/2018,0:00,41.31805121
25/01/2018,0:00,26.0065434
26/01/2018,0:00,20.66863019
27/01/2018,0:00,25.26329973
28/01/2018,0:00,16.623995
29/01/2018,0:00,12.18195451
30/01/2018,0:00,13.22651088
31/01/2018,0:00,12.71638932
01/02/2018,0:00,9.669598624
02/02/2018,0:00,9.637402605
03/02/2018,0:00,16.43932967
04/02/2018,0:00,11.55349269
05/02/2018,0:00,19.05083823
06/02/2018,0:00,12.56212337
07/02/2018,0:00,10.32874355
08/02/2018,0:00,15.71440971
09/02/2018,0:00,21.20948441
10/02/2018,0:00,15.84866653
11/02/2018,0:00,20.9378873
12/02/2018,0:00,13.46650463
13/02/2018,0:00,23.81977073
14/02/2018,0:00,24.53442293
15/02/2018,0:00,24.95786326
16/02/2018,0:00,46.37324719
17/02/2018,0:00,46.00567422
18/02/2018,0:00,27.99409262
19/02/2018,0:00,39.55300921
20/02/2018,0:00,32.0531857
21/02/2018,0:00,34.71382493
22/02/2018,0:00,44.19705977
23/02/2018,0:00,26.70059254
24/02/2018,0:00,25.38617214
25/02/2018,0:00,18.44811614
26/02/2018,0:00,32.0531857
27/02/2018,0:00,73.70768775
28/02/2018,0:00,60.29251447
01/03/2018,0:00,44.73454615
02/03/2018,0:00,79.24578772
03/03/2018,0:00,51.52971436
04/03/2018,0:00,49.28887968
05/03/2018,0:00,44.82455079
06/03/2018,0:00,47.67524123
07/03/2018,0:00,49.96381418
08/03/2018,0:00,70.00150596
09/03/2018,0:00,66.89226756
10/03/2018,0:00,79.1139301
11/03/2018,0:00,47.67524123
12/03/2018,0:00,45.36712759
13/03/2018,0:00,61.73197113
14/03/2018,0:00,70.48827844
15/03/2018,0:00,41.74593611
16/03/2018,0:00,32.85110637
17/03/2018,0:00,29.2611848
18/03/2018,0:00,47.86321603
19/03/2018,0:00,26.25750853
20/03/2018,0:00,33.96047342
21/03/2018,0:00,26.25750853
22/03/2018,0:00,44.19705977
23/03/2018,0:00,59.6358044
24/03/2018,0:00,44.55490027
25/03/2018,0:00,32.41424763
26/03/2018,0:00,26.4467935
27/03/2018,0:00,27.40694305
28/03/2018,0:00,26.06913334
29/03/2018,0:00,16.85677443
30/03/2018,0:00,14.03779896
31/03/2018,0:00,11.15864266
01/04/2018,0:00,9.287973841
02/04/2018,0:00,8.85565753
03/04/2018,0:00,8.088942934
04/04/2018,0:00,9.350864139
05/04/2018,0:00,15.58091699
06/04/2018,0:00,14.83878446
07/04/2018,0:00,14.20395749
08/04/2018,0:00,10.73832243
09/04/2018,0:00,15.01122418
10/04/2018,0:00,13.70939853
11/04/2018,0:00,12.44725031
12/04/2018,0:00,12.56212337
13/04/2018,0:00,9.414039101
14/04/2018,0:00,10.77293691
15/04/2018,0:00,11.92047388
16/04/2018,0:00,8.437034088
17/04/2018,0:00,7.181568918
18/04/2018,0:00,6.616193785
19/04/2018,0:00,6.10509623
20/04/2018,0:00,5.964087957
21/04/2018,0:00,7.287722068
22/04/2018,0:00,6.01084554
23/04/2018,0:00,6.998302526
24/04/2018,0:00,13.87294772
25/04/2018,0:00,14.32943745
26/04/2018,0:00,20.77605289
27/04/2018,0:00,16.71684658
28/04/2018,0:00,12.83291806
29/04/2018,0:00,15.98368966
30/04/2018,0:00,11.88342931
01/05/2018,0:00,9.669598624
02/05/2018,0:00,11.19415862
03/05/2018,0:00,8.232787325
04/05/2018,0:00,7.15519348
05/05/2018,0:00,7.448914932
06/05/2018,0:00,7.530399535
07/05/2018,0:00,8.003449875
08/05/2018,0:00,7.024289321
09/05/2018,0:00,6.176430388
10/05/2018,0:00,6.27240829
11/05/2018,0:00,5.576446939
12/05/2018,0:00,5.421867378
13/05/2018,0:00,5.142456864
14/05/2018,0:00,4.731697228
15/05/2018,0:00,4.343519861
16/05/2018,0:00,4.176034939
17/05/2018,0:00,3.995078315
18/05/2018,0:00,3.995078315
19/05/2018,0:00,3.854154475
20/05/2018,0:00,3.665877985
21/05/2018,0:00,3.649074141
22/05/2018,0:00,3.582374791
23/05/2018,0:00,3.516497204
24/05/2018,0:00,3.419210327
25/05/2018,0:00,3.33952887
26/05/2018,0:00,3.123058438
27/05/2018,0:00,3.123058438
28/05/2018,0:00,3.07792946
29/05/2018,0:00,3.003688976
30/05/2018,0:00,2.746364456
31/05/2018,0:00,2.760257072
01/06/2018,0:00,2.70496783
02/06/2018,0:00,2.718719916
03/06/2018,0:00,2.83042683
04/06/2018,0:00,3.516497204
05/06/2018,0:00,4.53482625
06/06/2018,0:00,3.767790923
07/06/2018,0:00,3.323743349
08/06/2018,0:00,3.123058438
09/06/2018,0:00,2.988986325
10/06/2018,0:00,3.092923568
11/06/2018,0:00,3.483864958
12/06/2018,0:00,3.107966533
13/06/2018,0:00,3.018440001
14/06/2018,0:00,3.403173253
15/06/2018,0:00,3.598972386
16/06/2018,0:00,3.323743349
17/06/2018,0:00,3.123058438
18/06/2018,0:00,3.003688976
19/06/2018,0:00,2.873096928
20/06/2018,0:00,2.746364456
21/06/2018,0:00,2.70496783
22/06/2018,0:00,2.650425504
23/06/2018,0:00,2.583290097
24/06/2018,0:00,2.556758201
25/06/2018,0:00,2.530409491
26/06/2018,0:00,2.478259055
27/06/2018,0:00,2.478259055
28/06/2018,0:00,2.465334931
29/06/2018,0:00,2.414089964
30/06/2018,0:00,2.363563579
01/07/2018,0:00,2.313750628
02/07/2018,0:00,2.301408261
03/07/2018,0:00,2.276856009
04/07/2018,0:00,2.204253322
05/07/2018,0:00,2.228279183
06/07/2018,0:00,2.168540912
07/07/2018,0:00,2.144949289
08/07/2018,0:00,2.052302069
09/07/2018,0:00,1.995781412
10/07/2018,0:00,1.995781412
11/07/2018,0:00,2.156723489
12/07/2018,0:00,2.204253322
13/07/2018,0:00,2.301408261
14/07/2018,0:00,2.289110081
15/07/2018,0:00,2.144949289
16/07/2018,0:00,2.168540912
17/07/2018,0:00,2.075207269
18/07/2018,0:00,2.040913259
19/07/2018,0:00,2.109885222
20/07/2018,0:00,2.228279183
21/07/2018,0:00,2.301408261
22/07/2018,0:00,2.873096928
23/07/2018,0:00,2.746364456
24/07/2018,0:00,2.570001211
25/07/2018,0:00,2.351043658
26/07/2018,0:00,2.228279183
27/07/2018,0:00,2.133218231
28/07/2018,0:00,2.075207269
29/07/2018,0:00,2.040913259
30/07/2018,0:00,1.929344982
31/07/2018,0:00,1.984603896
01/08/2018,0:00,1.984603896
02/08/2018,0:00,2.007001026
03/08/2018,0:00,2.018262818
04/08/2018,0:00,2.075207269
05/08/2018,0:00,2.007001026
06/08/2018,0:00,1.929344982
07/08/2018,0:00,1.995781412
08/08/2018,0:00,2.063733379
09/08/2018,0:00,2.018262818
10/08/2018,0:00,2.075207269
11/08/2018,0:00,2.121530236
12/08/2018,0:00,2.301408261
13/08/2018,0:00,2.109885222
14/08/2018,0:00,
15/08/2018,0:00,
16/08/2018,0:00,
17/08/2018,0:00,
18/08/2018,0:00,
19/08/2018,0:00,
20/08/2018,0:00,
21/08/2018,0:00,
22/08/2018,0:00,
23/08/2018,0:00,
24/08/2018,0:00,
25/08/2018,0:00,
26/08/2018,0:00,
27/08/2018,0:00,
28/08/2018,0:00,
29/08/2018,0:00,
30/08/2018,0:00,
31/08/2018,0:00,
01/09/2018,0:00,
02/09/2018,0:00,
03/09/2018,0:00,
04/09/2018,0:00,
05/09/2018,0:00,
06/09/2018,0:00,
07/09/2018,0:00,
08/09/2018,0:00,
09/09/2018,0:00,
10/09/2018,0:00,
11/09/2018,0:00,
12/09/2018,0:00,
13/09/2018,0:00,
14/09/2018,0:00,
15/09/2018,0:00,
16/09/2018,0:00,
17/09/2018,0:00,
18/09/2018,0:00,
19/09/2018,0:00,
20/09/2018,0:00,
21/09/2018,0:00,
22/09/2018,0:00,
23/09/2018,0:00,
24/09/2018,0:00,
25/09/2018,0:00,
26/09/2018,0:00,
27/09/2018,0:00,
28/09/2018,0:00,
29/09/2018,0:00,
30/09/2018,0:00,
01/10/2018,0:00,
02/10/2018,0:00,
03/10/2018,0:00,
04/10/2018,0:00,
05/10/2018,0:00,
06/10/2018,0:00,
07/10/2018,0:00,
08/10/2018,0:00,
09/10/2018,0:00,
10/10/2018,0:00,
11/10/2018,0:00,
12/10/2018,0:00,
13/10/2018,0:00,
14/10/2018,0:00,
15/10/2018,0:00,
16/10/2018,0:00,
17/10/2018,0:00,
18/10/2018,0:00,
19/10/2018,0:00,
20/10/2018,0:00,
21/10/2018,0:00,
22/10/2018,0:00,
23/10/2018,0:00,
24/10/2018,0:00,3.308007897
25/10/2018,0:00,3.403173253
26/10/2018,0:00,3.73361181
27/10/2018,0:00,3.73361181
28/10/2018,0:00,4.121183494
29/10/2018,0:00,4.103007518
30/10/2018,0:00,3.5493336
31/10/2018,0:00,4.832244739
01/11/2018,0:00,5.079377824
02/11/2018,0:00,4.324692158
03/11/2018,0:00,5.227375693
04/11/2018,0:00,7.639971674
05/11/2018,0:00,7.639971674
06/11/2018,0:00,5.291677734
07/11/2018,0:00,4.06681684
08/11/2018,0:00,3.5493336
09/11/2018,0:00,3.308007897
10/11/2018,0:00,3.292322432
11/11/2018,0:00,3.107966533
12/11/2018,0:00,3.123058438
13/11/2018,0:00,3.048087498
14/11/2018,0:00,2.718719916
15/11/2018,0:00,2.452456041
16/11/2018,0:00,2.556758201
17/11/2018,0:00,2.543560988
18/11/2018,0:00,2.478259055
19/11/2018,0:00,2.570001211
20/11/2018,0:00,2.691262427
21/11/2018,0:00,2.746364456
22/11/2018,0:00,2.691262427
23/11/2018,0:00,2.83042683
24/11/2018,0:00,2.623432825
25/11/2018,0:00,2.21624444
26/11/2018,0:00,2.204253322
27/11/2018,0:00,2.610005824
28/11/2018,0:00,2.363563579
29/11/2018,0:00,2.133218231
30/11/2018,0:00,2.007001026
01/12/2018,0:00,1.832494038
02/12/2018,0:00,1.821938364
03/12/2018,0:00,1.790515903
04/12/2018,0:00,1.759458603
05/12/2018,0:00,1.648670997
06/12/2018,0:00,1.561581983
07/12/2018,0:00,1.638837705
08/12/2018,0:00,1.688399475
09/12/2018,0:00,1.832494038
10/12/2018,0:00,1.790515903
11/12/2018,0:00,1.668456014
12/12/2018,0:00,1.648670997
13/12/2018,0:00,1.619289152
14/12/2018,0:00,1.590260202
15/12/2018,0:00,1.629043783
16/12/2018,0:00,1.749186942
17/12/2018,0:00,2.401391202
18/12/2018,0:00,2.570001211
19/12/2018,0:00,2.916195868
20/12/2018,0:00,3.230078838
21/12/2018,0:00,3.323743349
22/12/2018,0:00,2.901781771
23/12/2018,0:00,2.570001211
24/12/2018,0:00,2.478259055
25/12/2018,0:00,2.650425504
26/12/2018,0:00,2.844602681
27/12/2018,0:00,2.901781771
28/12/2018,0:00,2.844602681
29/12/2018,0:00,2.663991344
30/12/2018,0:00,2.83042683
31/12/2018,0:00,2.901781771
01/01/2019,0:00,2.930657855
02/01/2019,0:00,2.930657855
03/01/2019,0:00,2.530409491
04/01/2019,0:00,2.276856009
05/01/2019,0:00,3.33952887
06/01/2019,0:00,3.123058438
07/01/2019,0:00,3.048087498
08/01/2019,0:00,2.363563579
09/01/2019,0:00,2.276856009
10/01/2019,0:00,2.21624444
11/01/2019,0:00,2.228279183
12/01/2019,0:00,2.168540912
13/01/2019,0:00,3.276686875
14/01/2019,0:00,8.290801567
15/01/2019,0:00,7.862310346
16/01/2019,0:00,8.378335487
17/01/2019,0:00,15.93859667
18/01/2019,0:00,10.06158871
19/01/2019,0:00,20.13709487
20/01/2019,0:00,13.06811751
21/01/2019,0:00,9.477499378
22/01/2019,0:00,15.36012112
23/01/2019,0:00,12.14436721
24/01/2019,0:00,12.29518391
25/01/2019,0:00,29.60089976
26/01/2019,0:00,30.08092523
27/01/2019,0:00,33.21815446
28/01/2019,0:00,32.19728536
29/01/2019,0:00,52.5249067
30/01/2019,0:00,75.09887824
31/01/2019,0:00,77.54308647
01/02/2019,0:00,40.97786653
02/02/2019,0:00,29.53274651
03/02/2019,0:00,27.92844163
04/02/2019,0:00,20.9378873
05/02/2019,0:00,32.41424763
06/02/2019,0:00,20.56158024
07/02/2019,0:00,50.54723455
08/02/2019,0:00,70.12298726
09/02/2019,0:00,34.41115513
10/02/2019,0:00,39.55300921
11/02/2019,0:00,69.75896653
12/02/2019,0:00,34.41115513
13/02/2019,0:00,26.70059254
14/02/2019,0:00,49.38492257
15/02/2019,0:00,85.74954079
16/02/2019,0:00,60.84345975
17/02/2019,0:00,52.32484725
18/02/2019,0:00,47.20746945
19/02/2019,0:00,34.94199407
20/02/2019,0:00,45.18578259
21/02/2019,0:00,79.1139301
22/02/2019,0:00,47.20746945
23/02/2019,0:00,25.75719041
24/02/2019,0:00,26.4467935
25/02/2019,0:00,24.5946174
26/02/2019,0:00,30.08092523
27/02/2019,0:00,35.94234118
28/02/2019,0:00,28.1916658
01/03/2019,0:00,19.77052089
02/03/2019,0:00,15.14143136
03/03/2019,0:00,40.72396311
04/03/2019,0:00,37.75886403
05/03/2019,0:00,24.41433025
06/03/2019,0:00,20.45490239
07/03/2019,0:00,38.5674692
08/03/2019,0:00,22.206768
09/03/2019,0:00,17.42433345
10/03/2019,0:00,14.5826211
11/03/2019,0:00,23.23499064
12/03/2019,0:00,23.64331361
13/03/2019,0:00,45.36712759
14/03/2019,0:00,46.46544684
15/03/2019,0:00,32.0531857
16/03/2019,0:00,33.51376342
17/03/2019,0:00,22.6599077
18/03/2019,0:00,27.1486581
19/03/2019,0:00,49.6738034
20/03/2019,0:00,26.06913334
21/03/2019,0:00,18.79812592
22/03/2019,0:00,45.82262197
23/03/2019,0:00,46.65021444
24/03/2019,0:00,58.22940805
25/03/2019,0:00,87.71165931
26/03/2019,0:00,46.83547364
27/03/2019,0:00,34.48665615
28/03/2019,0:00,25.81937781
29/03/2019,0:00,28.39017102
30/03/2019,0:00,21.53850421
31/03/2019,0:00,15.98368966
01/04/2019,0:00,13.34614634
02/04/2019,0:00,20.4017028
03/04/2019,0:00,20.50819485
04/04/2019,0:00,12.29518391
05/04/2019,0:00,9.225367553
06/04/2019,0:00,8.146276889
07/04/2019,0:00,7.806324751
08/04/2019,0:00,7.181568918
09/04/2019,0:00,6.741968069
10/04/2019,0:00,6.97238022
11/04/2019,0:00,11.69936294
12/04/2019,0:00,8.349089064
13/04/2019,0:00,6.792722949
14/04/2019,0:00,7.128883019
15/04/2019,0:00,21.53850421
16/04/2019,0:00,11.95759574
17/04/2019,0:00,12.29518391
18/04/2019,0:00,13.46650463
19/04/2019,0:00,9.350864139
20/04/2019,0:00,8.290801567
21/04/2019,0:00,14.32943745
22/04/2019,0:00,11.55349269
23/04/2019,0:00,15.40411148
24/04/2019,0:00,14.79588289
25/04/2019,0:00,
26/04/2019,0:00,8.795021058
27/04/2019,0:00,7.695156066
28/04/2019,0:00,9.445733534
29/04/2019,0:00,7.530399535
30/04/2019,0:00,
01/05/2019,0:00,
02/05/2019,0:00,
03/05/2019,0:00,
04/05/2019,0:00,
05/05/2019,0:00,
06/05/2019,0:00,
07/05/2019,0:00,
08/05/2019,0:00,
09/05/2019,0:00,
10/05/2019,0:00,
11/05/2019,0:00,
12/05/2019,0:00,
13/05/2019,0:00,
14/05/2019,0:00,
15/05/2019,0:00,
16/05/2019,0:00,
17/05/2019,0:00,
18/05/2019,0:00,
19/05/2019,0:00,
20/05/2019,0:00,
21/05/2019,0:00,
22/05/2019,0:00,
23/05/2019,0:00,
24/05/2019,0:00,
25/05/2019,0:00,3.199254869
26/05/2019,0:00,
27/05/2019,0:00,
28/05/2019,0:00,
29/05/2019,0:00,
30/05/2019,0:00,
31/05/2019,0:00,
01/06/2019,0:00,
02/06/2019,0:00,
03/06/2019,0:00,
04/06/2019,0:00,
05/06/2019,0:00,
06/06/2019,0:00,
07/06/2019,0:00,
08/06/2019,0:00,
09/06/2019,0:00,
10/06/2019,0:00,
11/06/2019,0:00,
12/06/2019,0:00,
13/06/2019,0:00,
14/06/2019,0:00,
15/06/2019,0:00,
16/06/2019,0:00,
17/06/2019,0:00,
18/06/2019,0:00,
19/06/2019,0:00,
20/06/2019,0:00,
21/06/2019,0:00,
22/06/2019,0:00,2.086723819
23/06/2019,0:00,
24/06/2019,0:00,
25/06/2019,0:00,
26/06/2019,0:00,
27/06/2019,0:00,
28/06/2019,0:00,
29/06/2019,0:00,
30/06/2019,0:00,
01/07/2019,0:00,
02/07/2019,0:00,2.121530236
03/07/2019,0:00,
04/07/2019,0:00,
05/07/2019,0:00,
06/07/2019,0:00,
07/07/2019,0:00,
08/07/2019,0:00,
09/07/2019,0:00,
10/07/2019,0:00,
11/07/2019,0:00,
12/07/2019,0:00,
13/07/2019,0:00,
14/07/2019,0:00,
15/07/2019,0:00,
16/07/2019,0:00,
17/07/2019,0:00,
18/07/2019,0:00,
19/07/2019,0:00,
20/07/2019,0:00,
21/07/2019,0:00,
22/07/2019,0:00,
23/07/2019,0:00,
24/07/2019,0:00,
25/07/2019,0:00,
26/07/2019,0:00,
27/07/2019,0:00,
28/07/2019,0:00,
29/07/2019,0:00,
30/07/2019,0:00,
31/07/2019,0:00,
01/08/2019,0:00,
02/08/2019,0:00,
03/08/2019,0:00,
04/08/2019,0:00,
05/08/2019,0:00,
06/08/2019,0:00,
07/08/2019,0:00,
08/08/2019,0:00,
09/08/2019,0:00,
10/08/2019,0:00,
11/08/2019,0:00,
12/08/2019,0:00,
13/08/2019,0:00,
14/08/2019,0:00,
15/08/2019,0:00,
16/08/2019,0:00,
17/08/2019,0:00,
18/08/2019,0:00,
19/08/2019,0:00,
20/08/2019,0:00,
21/08/2019,0:00,
22/08/2019,0:00,
23/08/2019,0:00,
24/08/2019,0:00,
25/08/2019,0:00,
26/08/2019,0:00,
27/08/2019,0:00,
28/08/2019,0:00,
29/08/2019,0:00,
30/08/2019,0:00,
31/08/2019,0:00,
01/09/2019,0:00,
02/09/2019,0:00,
03/09/2019,0:00,
04/09/2019,0:00,
05/09/2019,0:00,
06/09/2019,0:00,
07/09/2019,0:00,
08/09/2019,0:00,
09/09/2019,0:00,
10/09/2019,0:00,
11/09/2019,0:00,
12/09/2019,0:00,
13/09/2019,0:00,
14/09/2019,0:00,
15/09/2019,0:00,
16/09/2019,0:00,
17/09/2019,0:00,
18/09/2019,0:00,
19/09/2019,0:00,
20/09/2019,0:00,
21/09/2019,0:00,
22/09/2019,0:00,
23/09/2019,0:00,
24/09/2019,0:00,
25/09/2019,0:00,
26/09/2019,0:00,
27/09/2019,0:00,
28/09/2019,0:00,
29/09/2019,0:00,
30/09/2019,0:00,
01/10/2019,0:00,
02/10/2019,0:00,
03/10/2019,0:00,
04/10/2019,0:00,
05/10/2019,0:00,
06/10/2019,0:00,
07/10/2019,0:00,
08/10/2019,0:00,
09/10/2019,0:00,
10/10/2019,0:00,
11/10/2019,0:00,
12/10/2019,0:00,
13/10/2019,0:00,
14/10/2019,0:00,
15/10/2019,0:00,
16/10/2019,0:00,
17/10/2019,0:00,
18/10/2019,0:00,
19/10/2019,0:00,
20/10/2019,0:00,
21/10/2019,0:00,
22/10/2019,0:00,
23/10/2019,0:00,
24/10/2019,0:00,
25/10/2019,0:00,
26/10/2019,0:00,
27/10/2019,0:00,
28/10/2019,0:00,
29/10/2019,0:00,
30/10/2019,0:00,
31/10/2019,0:00,
01/11/2019,0:00,
02/11/2019,0:00,
03/11/2019,0:00,
04/11/2019,0:00,
05/11/2019,0:00,
06/11/2019,0:00,
07/11/2019,0:00,
08/11/2019,0:00,
09/11/2019,0:00,
10/11/2019,0:00,
11/11/2019,0:00,
12/11/2019,0:00,
13/11/2019,0:00,
14/11/2019,0:00,
15/11/2019,0:00,
16/11/2019,0:00,
17/11/2019,0:00,
18/11/2019,0:00,
19/11/2019,0:00,
20/11/2019,0:00,
21/11/2019,0:00,
22/11/2019,0:00,
23/11/2019,0:00,
24/11/2019,0:00,
25/11/2019,0:00,
26/11/2019,0:00,
27/11/2019,0:00,
28/11/2019,0:00,
29/11/2019,0:00,
30/11/2019,0:00,
01/12/2019,0:00,
02/12/2019,0:00,
03/12/2019,0:00,
04/12/2019,0:00,
05/12/2019,0:00,
06/12/2019,0:00,
07/12/2019,0:00,
08/12/2019,0:00,
09/12/2019,0:00,
10/12/2019,0:00,
11/12/2019,0:00,
12/12/2019,0:00,
13/12/2019,0:00,
14/12/2019,0:00,
15/12/2019,0:00,
16/12/2019,0:00,
17/12/2019,0:00,
18/12/2019,0:00,
19/12/2019,0:00,
20/12/2019,0:00,
21/12/2019,0:00,
22/12/2019,0:00,
23/12/2019,0:00,
24/12/2019,0:00,
25/12/2019,0:00,
26/12/2019,0:00,
27/12/2019,0:00,
28/12/2019,0:00,
29/12/2019,0:00,
30/12/2019,0:00,
31/12/2019,0:00,
01/01/2020,0:00,
02/01/2020,0:00,
03/01/2020,0:00,
04/01/2020,0:00,
05/01/2020,0:00,
06/01/2020,0:00,
07/01/2020,0:00,
08/01/2020,0:00,
09/01/2020,0:00,
10/01/2020,0:00,
11/01/2020,0:00,
12/01/2020,0:00,
13/01/2020,0:00,
14/01/2020,0:00,
15/01/2020,0:00,
16/01/2020,0:00,
17/01/2020,0:00,
18/01/2020,0:00,
19/01/2020,0:00,
20/01/2020,0:00,
21/01/2020,0:00,
22/01/2020,0:00,
23/01/2020,0:00,
24/01/2020,0:00,
25/01/2020,0:00,
26/01/2020,0:00,
27/01/2020,0:00,
28/01/2020,0:00,
29/01/2020,0:00,
30/01/2020,0:00,
31/01/2020,0:00,
01/02/2020,0:00,
02/02/2020,0:00,
03/02/2020,0:00,
04/02/2020,0:00,
05/02/2020,0:00,
06/02/2020,0:00,
07/02/2020,0:00,
08/02/2020,0:00,
09/02/2020,0:00,
10/02/2020,0:00,
11/02/2020,0:00,
12/02/2020,0:00,
13/02/2020,0:00,
14/02/2020,0:00,
15/02/2020,0:00,
16/02/2020,0:00,
17/02/2020,0:00,
18/02/2020,0:00,
19/02/2020,0:00,
20/02/2020,0:00,
21/02/2020,0:00,
22/02/2020,0:00,
23/02/2020,0:00,
24/02/2020,0:00,
25/02/2020,0:00,
26/02/2020,0:00,
27/02/2020,0:00,
28/02/2020,0:00,
29/02/2020,0:00,
01/03/2020,0:00,
02/03/2020,0:00,
03/03/2020,0:00,27.27759577
04/03/2020,0:00,25.4477582
05/03/2020,0:00,25.63311682
06/03/2020,0:00,15.6253298
07/03/2020,0:00,16.43932967
08/03/2020,0:00,31.41008257
09/03/2020,0:00,16.16491637
10/03/2020,0:00,17.0917276
11/03/2020,0:00,15.44818616
12/03/2020,0:00,11.80957171
13/03/2020,0:00,11.44489324
14/03/2020,0:00,10.19457984
15/03/2020,0:00,22.31947834
16/03/2020,0:00,14.49789634
17/03/2020,0:00,13.95521026
18/03/2020,0:00,11.01733372
19/03/2020,0:00,14.79588289
20/03/2020,0:00,27.86289387
21/03/2020,0:00,45.09529248
22/03/2020,0:00,30.08092523
23/03/2020,0:00,32.34181839
24/03/2020,0:00,30.49650344
25/03/2020,0:00,19.61479628
26/03/2020,0:00,19.40844473
27/03/2020,0:00,20.50819485
28/03/2020,0:00,26.70059254
29/03/2020,0:00,32.26949766
30/03/2020,0:00,49.09716946
31/03/2020,0:00,68.07693537
01/04/2020,0:00,50.93870627
02/04/2020,0:00,54.14386354
03/04/2020,0:00,29.3289177
04/04/2020,0:00,23.29303092
05/04/2020,0:00,20.56158024
06/04/2020,0:00,26.25750853
07/04/2020,0:00,16.71684658
08/04/2020,0:00,15.01122418
09/04/2020,0:00,33.14452617
10/04/2020,0:00,21.59367112
11/04/2020,0:00,13.46650463
12/04/2020,0:00,10.66931717
13/04/2020,0:00,9.896990795
14/04/2020,0:00,8.674583844
15/04/2020,0:00,8.146276889
16/04/2020,0:00,7.476010486
17/04/2020,0:00,7.261085908
18/04/2020,0:00,8.466486429
19/04/2020,0:00,11.55349269
20/04/2020,0:00,7.975087296
21/04/2020,0:00,7.234515051
22/04/2020,0:00,6.741968069
23/04/2020,0:00,6.393779262
24/04/2020,0:00,6.12881261
25/04/2020,0:00,5.987436169
26/04/2020,0:00,6.176430388
27/04/2020,0:00,7.639971674
28/04/2020,0:00,6.616193785
29/04/2020,0:00,6.176430388
30/04/2020,0:00,6.27240829
01/05/2020,0:00,6.27240829
02/05/2020,0:00,6.152590636
03/05/2020,0:00,5.871305069
04/05/2020,0:00,9.445733534
05/05/2020,0:00,9.995531235
06/05/2020,0:00,8.003449875
07/05/2020,0:00,8.003449875
08/05/2020,0:00,8.407650468
09/05/2020,0:00,12.67770453
10/05/2020,0:00,11.88342931
11/05/2020,0:00,11.26541758
12/05/2020,0:00,8.232787325
13/05/2020,0:00,6.998302526
14/05/2020,0:00,6.345043825
15/05/2020,0:00,5.848261431
16/05/2020,0:00,5.825278465
17/05/2020,0:00,6.27240829
18/05/2020,0:00,6.10509623
19/05/2020,0:00,5.643589167
20/05/2020,0:00,5.334838843
21/05/2020,0:00,5.12137255
22/05/2020,0:00,4.996081719
23/05/2020,0:00,5.142456864
24/05/2020,0:00,5.206058588
25/05/2020,0:00,4.934213764
26/05/2020,0:00,4.731697228
27/05/2020,0:00,4.3624024
28/05/2020,0:00,4.249928093
29/05/2020,0:00,4.194426862
30/05/2020,0:00,4.103007518
31/05/2020,0:00,3.995078315
01/06/2020,0:00,3.871584821
02/06/2020,0:00,3.836776782
03/06/2020,0:00,3.699641046
04/06/2020,0:00,3.649074141
05/06/2020,0:00,3.649074141
06/06/2020,0:00,3.784958812
07/06/2020,0:00,4.103007518
08/06/2020,0:00,3.871584821
09/06/2020,0:00,3.649074141
10/06/2020,0:00,3.532889843
11/06/2020,0:00,3.516497204
12/06/2020,0:00,3.435297953
13/06/2020,0:00,3.387186651
14/06/2020,0:00,3.37125044
15/06/2020,0:00,3.37125044
16/06/2020,0:00,3.33952887
17/06/2020,0:00,3.323743349
18/06/2020,0:00,3.230078838
19/06/2020,0:00,3.199254869
20/06/2020,0:00,3.168628593
21/06/2020,0:00,3.138199362
22/06/2020,0:00,3.092923568
23/06/2020,0:00,3.048087498
24/06/2020,0:00,3.048087498
25/06/2020,0:00,3.033239482
26/06/2020,0:00,2.945167814
27/06/2020,0:00,3.07792946
28/06/2020,0:00,2.974331969
29/06/2020,0:00,2.887415485
30/06/2020,0:00,2.802217269
01/07/2020,0:00,2.788183398
02/07/2020,0:00,2.816298386
03/07/2020,0:00,
04/07/2020,0:00,
05/07/2020,0:00,
06/07/2020,0:00,
07/07/2020,0:00,
08/07/2020,0:00,
09/07/2020,0:00,
10/07/2020,0:00,
11/07/2020,0:00,
12/07/2020,0:00,
13/07/2020,0:00,
14/07/2020,0:00,
15/07/2020,0:00,
16/07/2020,0:00,
17/07/2020,0:00,
18/07/2020,0:00,
19/07/2020,0:00,
20/07/2020,0:00,
21/07/2020,0:00,
22/07/2020,0:00,
23/07/2020,0:00,
24/07/2020,0:00,2.556758201
25/07/2020,0:00,2.556758201
26/07/2020,0:00,2.556758201
27/07/2020,0:00,2.543560988
28/07/2020,0:00,2.530409491
29/07/2020,0:00,2.610005824
30/07/2020,0:00,2.570001211
31/07/2020,0:00,2.478259055
01/08/2020,0:00,2.465334931
02/08/2020,0:00,2.452456041
03/08/2020,0:00,2.452456041
04/08/2020,0:00,2.452456041
05/08/2020,0:00,2.439622303
06/08/2020,0:00,2.478259055
07/08/2020,0:00,2.478259055
08/08/2020,0:00,2.38873727
09/08/2020,0:00,2.376128089
10/08/2020,0:00,2.376128089
11/08/2020,0:00,2.38873727
12/08/2020,0:00,2.376128089
13/08/2020,0:00,2.38873727
14/08/2020,0:00,2.289110081
15/08/2020,0:00,2.264645963
16/08/2020,0:00,2.301408261
17/08/2020,0:00,2.276856009
18/08/2020,0:00,2.264645963
19/08/2020,0:00,2.276856009
20/08/2020,0:00,2.228279183
21/08/2020,0:00,2.21624444
22/08/2020,0:00,2.228279183
23/08/2020,0:00,2.228279183
24/08/2020,0:00,2.21624444
25/08/2020,0:00,2.21624444
26/08/2020,0:00,2.192305748
27/08/2020,0:00,2.192305748
28/08/2020,0:00,2.156723489
29/08/2020,0:00,2.144949289
30/08/2020,0:00,2.144949289
31/08/2020,0:00,2.156723489
01/09/2020,0:00,2.168540912
02/09/2020,0:00,2.168540912
03/09/2020,0:00,2.204253322
04/09/2020,0:00,2.228279183
05/09/2020,0:00,2.204253322
06/09/2020,0:00,2.204253322
07/09/2020,0:00,2.168540912
08/09/2020,0:00,2.228279183
09/09/2020,0:00,2.156723489
10/09/2020,0:00,2.156723489
11/09/2020,0:00,2.192305748
12/09/2020,0:00,2.192305748
13/09/2020,0:00,2.204253322
14/09/2020,0:00,2.086723819
15/09/2020,0:00,2.301408261
16/09/2020,0:00,2.240357631
17/09/2020,0:00,2.264645963
18/09/2020,0:00,2.276856009
19/09/2020,0:00,2.228279183
20/09/2020,0:00,2.228279183
21/09/2020,0:00,2.228279183
22/09/2020,0:00,2.168540912
23/09/2020,0:00,2.192305748
24/09/2020,0:00,2.204253322
25/09/2020,0:00,2.228279183
26/09/2020,0:00,2.121530236
27/09/2020,0:00,2.204253322
28/09/2020,0:00,2.156723489
29/09/2020,0:00,2.144949289
30/09/2020,0:00,2.491228492
01/10/2020,0:00,2.439622303
02/10/2020,0:00,2.351043658
03/10/2020,0:00,2.289110081
04/10/2020,0:00,2.264645963
05/10/2020,0:00,2.276856009
06/10/2020,0:00,2.264645963
07/10/2020,0:00,2.133218231
08/10/2020,0:00,2.121530236
09/10/2020,0:00,2.086723819
10/10/2020,0:00,2.086723819
11/10/2020,0:00,2.063733379
12/10/2020,0:00,2.063733379
13/10/2020,0:00,2.063733379
14/10/2020,0:00,2.007001026
15/10/2020,0:00,2.086723819
16/10/2020,0:00,2.109885222
17/10/2020,0:00,2.075207269
18/10/2020,0:00,2.228279183
19/10/2020,0:00,2.718719916
20/10/2020,0:00,2.351043658
21/10/2020,0:00,2.144949289
22/10/2020,0:00,2.086723819
23/10/2020,0:00,2.38873727
24/10/2020,0:00,2.691262427
25/10/2020,0:00,2.887415485
26/10/2020,0:00,2.530409491
27/10/2020,0:00,2.491228492
28/10/2020,0:00,2.289110081
29/10/2020,0:00,2.156723489
30/10/2020,0:00,2.075207269
31/10/2020,0:00,2.063733379
01/11/2020,0:00,2.109885222
02/11/2020,0:00,2.075207269
03/11/2020,0:00,2.075207269
04/11/2020,0:00,2.007001026
05/11/2020,0:00,2.007001026
06/11/2020,0:00,2.063733379
07/11/2020,0:00,2.007001026
08/11/2020,0:00,2.007001026
09/11/2020,0:00,2.007001026
10/11/2020,0:00,1.995781412
11/11/2020,0:00,2.018262818
12/11/2020,0:00,1.995781412
13/11/2020,0:00,1.929344982
14/11/2020,0:00,1.929344982
15/11/2020,0:00,1.91841837
16/11/2020,0:00,1.929344982
17/11/2020,0:00,1.929344982
18/11/2020,0:00,1.91841837
19/11/2020,0:00,1.907533295
20/11/2020,0:00,1.91841837
21/11/2020,0:00,1.864406749
22/11/2020,0:00,1.853728151
23/11/2020,0:00,1.885887431
24/11/2020,0:00,1.864406749
25/11/2020,0:00,1.853728151
26/11/2020,0:00,1.864406749
27/11/2020,0:00,1.864406749
28/11/2020,0:00,1.853728151
29/11/2020,0:00,1.853728151
30/11/2020,0:00,1.984603896
01/12/2020,0:00,1.973468399
02/12/2020,0:00,2.313750628
03/12/2020,0:00,2.663991344
04/12/2020,0:00,2.802217269
05/12/2020,0:00,3.123058438
06/12/2020,0:00,3.649074141
07/12/2020,0:00,6.01084554
08/12/2020,0:00,7.695156066
09/12/2020,0:00,9.163044623
10/12/2020,0:00,6.566327531
11/12/2020,0:00,5.291677734
12/12/2020,0:00,4.06681684
13/12/2020,0:00,3.767790923
14/12/2020,0:00,3.387186651
15/12/2020,0:00,3.5493336
16/12/2020,0:00,3.123058438
17/12/2020,0:00,3.033239482
18/12/2020,0:00,3.665877985
19/12/2020,0:00,3.532889843
20/12/2020,0:00,5.733951691
21/12/2020,0:00,12.37106057
22/12/2020,0:00,8.886080518
23/12/2020,0:00,6.998302526
24/12/2020,0:00,9.414039101
25/12/2020,0:00,10.66931717
26/12/2020,0:00,20.4017028
27/12/2020,0:00,19.40844473
28/12/2020,0:00,18.39847403
29/12/2020,0:00,33.36573961
30/12/2020,0:00,25.4477582
31/12/2020,0:00,26.06913334
01/01/2021,0:00,28.85698695
02/01/2021,0:00,29.94324699
03/01/2021,0:00,24.11582292
04/01/2021,0:00,40.97786653
05/01/2021,0:00,50.93870627
06/01/2021,0:00,32.26949766
07/01/2021,0:00,34.33576495
08/01/2021,0:00,42.34994774
09/01/2021,0:00,43.39896928
10/01/2021,0:00,25.88166572
11/01/2021,0:00,31.76628387
12/01/2021,0:00,30.70572734
13/01/2021,0:00,29.94324699
14/01/2021,0:00,25.81937781
15/01/2021,0:00,19.82261257
16/01/2021,0:00,45.09529248
17/01/2021,0:00,31.83784735
18/01/2021,0:00,23.23499064
19/01/2021,0:00,39.38759447
20/01/2021,0:00,31.33916494
21/01/2021,0:00,50.35225679
22/01/2021,0:00,51.82693347
23/01/2021,0:00,38.5674692
24/01/2021,0:00,29.7375222
25/01/2021,0:00,32.70505133
26/01/2021,0:00,28.12570463
27/01/2021,0:00,21.64893263
28/01/2021,0:00,
29/01/2021,0:00,
30/01/2021,0:00,
31/01/2021,0:00,
01/02/2021,0:00,
02/02/2021,0:00,
03/02/2021,0:00,
04/02/2021,0:00,
05/02/2021,0:00,
06/02/2021,0:00,
07/02/2021,0:00,
08/02/2021,0:00,
09/02/2021,0:00,
10/02/2021,0:00,
11/02/2021,0:00,
12/02/2021,0:00,
13/02/2021,0:00,
14/02/2021,0:00,
15/02/2021,0:00,
16/02/2021,0:00,
17/02/2021,0:00,
18/02/2021,0:00,
19/02/2021,0:00,
20/02/2021,0:00,
21/02/2021,0:00,
22/02/2021,0:00,
23/02/2021,0:00,
24/02/2021,0:00,
25/02/2021,0:00,
26/02/2021,0:00,
27/02/2021,0:00,
28/02/2021,0:00,
01/03/2021,0:00,
02/03/2021,0:00,
03/03/2021,0:00,
04/03/2021,0:00,
05/03/2021,0:00,
06/03/2021,0:00,
07/03/2021,0:00,
08/03/2021,0:00,
09/03/2021,0:00,
10/03/2021,0:00,
11/03/2021,0:00,
12/03/2021,0:00,
13/03/2021,0:00,
14/03/2021,0:00,
15/03/2021,0:00,
16/03/2021,0:00,
17/03/2021,0:00,
18/03/2021,0:00,
19/03/2021,0:00,
20/03/2021,0:00,
21/03/2021,0:00,
22/03/2021,0:00,
23/03/2021,0:00,
24/03/2021,0:00,
25/03/2021,0:00,
26/03/2021,0:00,
27/03/2021,0:00,
28/03/2021,0:00,
29/03/2021,0:00,
30/03/2021,0:00,
31/03/2021,0:00,
01/04/2021,0:00,
02/04/2021,0:00,
03/04/2021,0:00,
04/04/2021,0:00,
05/04/2021,0:00,
06/04/2021,0:00,
07/04/2021,0:00,
08/04/2021,0:00,
09/04/2021,0:00,
10/04/2021,0:00,
11/04/2021,0:00,
12/04/2021,0:00,
13/04/2021,0:00,
14/04/2021,0:00,
15/04/2021,0:00,
16/04/2021,0:00,
17/04/2021,0:00,
18/04/2021,0:00,
19/04/2021,0:00,
20/04/2021,0:00,
21/04/2021,0:00,
22/04/2021,0:00,
23/04/2021,0:00,
24/04/2021,0:00,
25/04/2021,0:00,
26/04/2021,0:00,
27/04/2021,0:00,
28/04/2021,0:00,
29/04/2021,0:00,
30/04/2021,0:00,
01/05/2021,0:00,
02/05/2021,0:00,
03/05/2021,0:00,
04/05/2021,0:00,
05/05/2021,0:00,
06/05/2021,0:00,
07/05/2021,0:00,
08/05/2021,0:00,
09/05/2021,0:00,
10/05/2021,0:00,
11/05/2021,0:00,
12/05/2021,0:00,
13/05/2021,0:00,
14/05/2021,0:00,
15/05/2021,0:00,
16/05/2021,0:00,
17/05/2021,0:00,
18/05/2021,0:00,
19/05/2021,0:00,
20/05/2021,0:00,
21/05/2021,0:00,
22/05/2021,0:00,
23/05/2021,0:00,
24/05/2021,0:00,
25/05/2021,0:00,
26/05/2021,0:00,
27/05/2021,0:00,
28/05/2021,0:00,
29/05/2021,0:00,
30/05/2021,0:00,
31/05/2021,0:00,
01/06/2021,0:00,
02/06/2021,0:00,
03/06/2021,0:00,
04/06/2021,0:00,
05/06/2021,0:00,
06/06/2021,0:00,
07/06/2021,0:00,
08/06/2021,0:00,
09/06/2021,0:00,
10/06/2021,0:00,
11/06/2021,0:00,
12/06/2021,0:00,
13/06/2021,0:00,
14/06/2021,0:00,
15/06/2021,0:00,
16/06/2021,0:00,
17/06/2021,0:00,
18/06/2021,0:00,
19/06/2021,0:00,
20/06/2021,0:00,
21/06/2021,0:00,
22/06/2021,0:00,
23/06/2021,0:00,
24/06/2021,0:00,
25/06/2021,0:00,
26/06/2021,0:00,
27/06/2021,0:00,
28/06/2021,0:00,
29/06/2021,0:00,
30/06/2021,0:00,
01/07/2021,0:00,
02/07/2021,0:00,
03/07/2021,0:00,
04/07/2021,0:00,
05/07/2021,0:00,
06/07/2021,0:00,
07/07/2021,0:00,
08/07/2021,0:00,
09/07/2021,0:00,
10/07/2021,0:00,
11/07/2021,0:00,
12/07/2021,0:00,
13/07/2021,0:00,
14/07/2021,0:00,
15/07/2021,0:00,
16/07/2021,0:00,
17/07/2021,0:00,
18/07/2021,0:00,
19/07/2021,0:00,
20/07/2021,0:00,
21/07/2021,0:00,
22/07/2021,0:00,
23/07/2021,0:00,
24/07/2021,0:00,
25/07/2021,0:00,
26/07/2021,0:00,
27/07/2021,0:00,
28/07/2021,0:00,
29/07/2021,0:00,
30/07/2021,0:00,
31/07/2021,0:00,
01/08/2021,0:00,
02/08/2021,0:00,
03/08/2021,0:00,
04/08/2021,0:00,
05/08/2021,0:00,
06/08/2021,0:00,
07/08/2021,0:00,
08/08/2021,0:00,
09/08/2021,0:00,
10/08/2021,0:00,
11/08/2021,0:00,
12/08/2021,0:00,
13/08/2021,0:00,
14/08/2021,0:00,
15/08/2021,0:00,
16/08/2021,0:00,
17/08/2021,0:00,
18/08/2021,0:00,
19/08/2021,0:00,
20/08/2021,0:00,
21/08/2021,0:00,
22/08/2021,0:00,
23/08/2021,0:00,
24/08/2021,0:00,
25/08/2021,0:00,
26/08/2021,0:00,
27/08/2021,0:00,
28/08/2021,0:00,
29/08/2021,0:00,
30/08/2021,0:00,
31/08/2021,0:00,
01/09/2021,0:00,
02/09/2021,0:00,
03/09/2021,0:00,
04/09/2021,0:00,
05/09/2021,0:00,
06/09/2021,0:00,
07/09/2021,0:00,
08/09/2021,0:00,
09/09/2021,0:00,
10/09/2021,0:00,
11/09/2021,0:00,
12/09/2021,0:00,
13/09/2021,0:00,
14/09/2021,0:00,
15/09/2021,0:00,
16/09/2021,0:00,
17/09/2021,0:00,
18/09/2021,0:00,
19/09/2021,0:00,
20/09/2021,0:00,
21/09/2021,0:00,
22/09/2021,0:00,
23/09/2021,0:00,
24/09/2021,0:00,
25/09/2021,0:00,
26/09/2021,0:00,
27/09/2021,0:00,
28/09/2021,0:00,
29/09/2021,0:00,
30/09/2021,0:00,
01/10/2021,0:00,
02/10/2021,0:00,
03/10/2021,0:00,
04/10/2021,0:00,
05/10/2021,0:00,
06/10/2021,0:00,
07/10/2021,0:00,
08/10/2021,0:00,
09/10/2021,0:00,
10/10/2021,0:00,
11/10/2021,0:00,
12/10/2021,0:00,
13/10/2021,0:00,
14/10/2021,0:00,
15/10/2021,0:00,
16/10/2021,0:00,2.930657855
17/10/2021,0:00,2.930657855
18/10/2021,0:00,2.945167814
19/10/2021,0:00,3.003688976
20/10/2021,0:00,3.516497204
21/10/2021,0:00,3.048087498
22/10/2021,0:00,2.70496783
23/10/2021,0:00,2.570001211
24/10/2021,0:00,2.650425504
25/10/2021,0:00,2.691262427
26/10/2021,0:00,2.452456041
27/10/2021,0:00,2.351043658
28/10/2021,0:00,2.326137262
29/10/2021,0:00,2.38873727
30/10/2021,0:00,2.623432825
31/10/2021,0:00,2.570001211
01/11/2021,0:00,2.930657855
02/11/2021,0:00,3.018440001
03/11/2021,0:00,3.323743349
04/11/2021,0:00,3.033239482
05/11/2021,0:00,2.816298386
06/11/2021,0:00,2.760257072
07/11/2021,0:00,2.746364456
08/11/2021,0:00,2.610005824
09/11/2021,0:00,2.478259055
10/11/2021,0:00,2.570001211
11/11/2021,0:00,2.439622303
12/11/2021,0:00,2.38873727
13/11/2021,0:00,2.414089964
14/11/2021,0:00,2.83042683
15/11/2021,0:00,2.570001211
16/11/2021,0:00,2.570001211
17/11/2021,0:00,2.610005824
18/11/2021,0:00,2.38873727
19/11/2021,0:00,2.313750628
20/11/2021,0:00,2.38873727
21/11/2021,0:00,2.650425504
22/11/2021,0:00,2.746364456
23/11/2021,0:00,2.974331969
24/11/2021,0:00,4.573752688
25/11/2021,0:00,4.194426862
26/11/2021,0:00,3.767790923
27/11/2021,0:00,11.62627454
28/11/2021,0:00,13.34614634
29/11/2021,0:00,14.83878446
30/11/2021,0:00,9.445733534
01/12/2021,0:00,13.30618765
02/12/2021,0:00,25.01875151
03/12/2021,0:00,22.15055611
04/12/2021,0:00,22.71698197
05/12/2021,0:00,17.42433345
06/12/2021,0:00,25.38617214
07/12/2021,0:00,24.41433025
08/12/2021,0:00,39.63589083
09/12/2021,0:00,27.08434267
10/12/2021,0:00,25.32468601
11/12/2021,0:00,21.59367112
12/12/2021,0:00,11.19415862
13/12/2021,0:00,8.466486429
14/12/2021,0:00,7.024289321
15/12/2021,0:00,6.492001253
16/12/2021,0:00,8.031879953
17/12/2021,0:00,8.290801567
18/12/2021,0:00,7.503171993
19/12/2021,0:00,6.492001253
20/12/2021,0:00,5.711270864
21/12/2021,0:00,5.10034623
22/12/2021,0:00,4.400332312
23/12/2021,0:00,4.084885327
24/12/2021,0:00,3.699641046
25/12/2021,0:00,4.343519861
26/12/2021,0:00,5.509841992
27/12/2021,0:00,4.593299578
28/12/2021,0:00,3.977277135
29/12/2021,0:00,4.194426862
30/12/2021,0:00,5.802356089
31/12/2021,0:00,5.334838843
01/01/2022,0:00,8.525597599
02/01/2022,0:00,5.421867378
03/01/2022,0:00,5.421867378
04/01/2022,0:00,4.934213764
05/01/2022,0:00,4.53482625
06/01/2022,0:00,5.940800822
07/01/2022,0:00,9.382415996
08/01/2022,0:00,9.287973841
09/01/2022,0:00,8.947136404
10/01/2022,0:00,11.22975023
11/01/2022,0:00,18.79812592
12/01/2022,0:00,13.91403826
13/01/2022,0:00,20.9378873
14/01/2022,0:00,19.77052089
15/01/2022,0:00,25.81937781
16/01/2022,0:00,26.06913334
17/01/2022,0:00,17.04456258
18/01/2022,0:00,26.25750853
19/01/2022,0:00,58.65975158
20/01/2022,0:00,91.87127908
21/01/2022,0:00,120.8542067
22/01/2022,0:00,47.20746945
23/01/2022,0:00,31.83784735
24/01/2022,0:00,24.65491074
25/01/2022,0:00,39.47024378
26/01/2022,0:00,63.87693655
27/01/2022,0:00,59.6358044
28/01/2022,0:00,49.6738034
29/01/2022,0:00,34.03531075
30/01/2022,0:00,23.5261634
31/01/2022,0:00,27.99409262
01/02/2022,0:00,37.59851813
02/02/2022,0:00,65.25705193
03/02/2022,0:00,39.9685809
04/02/2022,0:00,47.86321603
05/02/2022,0:00,65.48899582
06/02/2022,0:00,53.22914971
07/02/2022,0:00,63.08097267
08/02/2022,0:00,36.25395596
09/02/2022,0:00,54.55376075
10/02/2022,0:00,36.96169627
11/02/2022,0:00,34.33576495
12/02/2022,0:00,46.55776924
13/02/2022,0:00,63.87693655
14/02/2022,0:00,29.2611848
15/02/2022,0:00,23.5261634
16/02/2022,0:00,19.51143774
17/02/2022,0:00,33.43969664
18/02/2022,0:00,53.63440024
19/02/2022,0:00,58.87572012
20/02/2022,0:00,60.62267868
21/02/2022,0:00,33.73662307
22/02/2022,0:00,31.76628387
23/02/2022,0:00,30.21902695
24/02/2022,0:00,21.10056411
25/02/2022,0:00,51.62866016
26/02/2022,0:00,45.00492387
27/02/2022,0:00,62.29168128
28/02/2022,0:00,42.43671015
01/03/2022,0:00,32.55943196
02/03/2022,0:00,43.04738383
03/03/2022,0:00,28.39017102
04/03/2022,0:00,21.81528548
05/03/2022,0:00,46.92828779
06/03/2022,0:00,38.5674692
07/03/2022,0:00,27.27759577
08/03/2022,0:00,28.85698695
09/03/2022,0:00,30.21902695
10/03/2022,0:00,24.71530302
11/03/2022,0:00,26.19461582
12/03/2022,0:00,30.49650344
13/03/2022,0:00,23.76085401
14/03/2022,0:00,27.99409262
15/03/2022,0:00,45.91408698
16/03/2022,0:00,25.32468601
17/03/2022,0:00,20.4017028
18/03/2022,0:00,14.96798907
19/03/2022,0:00,21.64893263
20/03/2022,0:00,15.31621501
21/03/2022,0:00,21.20948441
22/03/2022,0:00,20.24266036
23/03/2022,0:00,16.16491637
24/03/2022,0:00,21.48343179
25/03/2022,0:00,21.37357015
26/03/2022,0:00,19.10165228
27/03/2022,0:00,21.64893263
28/03/2022,0:00,14.5826211
29/03/2022,0:00,20.82990423
30/03/2022,0:00,19.05083823
31/03/2022,0:00,27.40694305
01/04/2022,0:00,27.60173347
02/04/2022,0:00,62.29168128
03/04/2022,0:00,75.22621537
04/04/2022,0:00,59.85417248
05/04/2022,0:00,30.42697498
06/04/2022,0:00,26.0065434
07/04/2022,0:00,21.53850421
08/04/2022,0:00,18.64758198
09/04/2022,0:00,15.14143136
10/04/2022,0:00,60.51248971
11/04/2022,0:00,33.73662307
12/04/2022,0:00,20.03189884
13/04/2022,0:00,15.09794524
14/04/2022,0:00,12.44725031
15/04/2022,0:00,10.94713106
16/04/2022,0:00,9.995531235
17/04/2022,0:00,9.131989214
18/04/2022,0:00,8.437034088
19/04/2022,0:00,7.862310346
20/04/2022,0:00,8.555256592
21/04/2022,0:00,7.421885249
22/04/2022,0:00,6.792722949
23/04/2022,0:00,6.467351663
24/04/2022,0:00,6.176430388
25/04/2022,0:00,5.871305069
26/04/2022,0:00,6.176430388
27/04/2022,0:00,5.802356089
28/04/2022,0:00,5.443772133
29/04/2022,0:00,5.291677734
30/04/2022,0:00,5.206058588
01/05/2022,0:00,5.058467251
02/05/2022,0:00,4.954779042
03/05/2022,0:00,5.291677734
04/05/2022,0:00,5.016819279
05/05/2022,0:00,5.334838843
06/05/2022,0:00,5.334838843
07/05/2022,0:00,4.872861201
08/05/2022,0:00,4.496122396
09/05/2022,0:00,4.400332312
10/05/2022,0:00,4.324692158
11/05/2022,0:00,4.157697123
12/05/2022,0:00,3.995078315
13/05/2022,0:00,4.176034939
14/05/2022,0:00,4.121183494
15/05/2022,0:00,3.871584821
16/05/2022,0:00,3.784958812
17/05/2022,0:00,3.750675282
18/05/2022,0:00,3.941834351
19/05/2022,0:00,4.103007518
20/05/2022,0:00,3.819451661
21/05/2022,0:00,3.63232198
22/05/2022,0:00,3.532889843
23/05/2022,0:00,3.37125044
24/05/2022,0:00,3.308007897
25/05/2022,0:00,3.276686875
26/05/2022,0:00,3.323743349
27/05/2022,0:00,3.323743349
28/05/2022,0:00,3.245565158
29/05/2022,0:00,3.308007897
30/05/2022,0:00,3.230078838
31/05/2022,0:00,3.138199362
01/06/2022,0:00,3.107966533
02/06/2022,0:00,3.048087498
03/06/2022,0:00,2.930657855
04/06/2022,0:00,3.033239482
05/06/2022,0:00,3.292322432
06/06/2022,0:00,3.699641046
07/06/2022,0:00,3.230078838
08/06/2022,0:00,3.107966533
09/06/2022,0:00,3.003688976
10/06/2022,0:00,2.887415485
11/06/2022,0:00,
12/06/2022,0:00,
13/06/2022,0:00,
14/06/2022,0:00,
15/06/2022,0:00,
16/06/2022,0:00,
17/06/2022,0:00,
18/06/2022,0:00,
19/06/2022,0:00,
20/06/2022,0:00,
21/06/2022,0:00,
22/06/2022,0:00,
23/06/2022,0:00,
24/06/2022,0:00,
25/06/2022,0:00,
26/06/2022,0:00,
27/06/2022,0:00,
28/06/2022,0:00,
29/06/2022,0:00,
30/06/2022,0:00,
01/07/2022,0:00,
02/07/2022,0:00,
03/07/2022,0:00,
04/07/2022,0:00,
05/07/2022,0:00,
06/07/2022,0:00,
07/07/2022,0:00,
08/07/2022,0:00,
09/07/2022,0:00,
10/07/2022,0:00,
11/07/2022,0:00,
12/07/2022,0:00,
13/07/2022,0:00,
14/07/2022,0:00,
15/07/2022,0:00,
16/07/2022,0:00,
17/07/2022,0:00,
18/07/2022,0:00,
19/07/2022,0:00,
20/07/2022,0:00,
21/07/2022,0:00,
22/07/2022,0:00,
23/07/2022,0:00,
24/07/2022,0:00,
25/07/2022,0:00,
26/07/2022,0:00,
27/07/2022,0:00,
28/07/2022,0:00,
29/07/2022,0:00,
30/07/2022,0:00,
31/07/2022,0:00,
01/08/2022,0:00,
02/08/2022,0:00,
03/08/2022,0:00,
04/08/2022,0:00,
05/08/2022,0:00,
06/08/2022,0:00,
07/08/2022,0:00,
08/08/2022,0:00,
09/08/2022,0:00,
10/08/2022,0:00,
11/08/2022,0:00,
12/08/2022,0:00,
13/08/2022,0:00,
14/08/2022,0:00,
15/08/2022,0:00,
16/08/2022,0:00,
17/08/2022,0:00,
18/08/2022,0:00,
19/08/2022,0:00,
20/08/2022,0:00,
21/08/2022,0:00,
22/08/2022,0:00,
23/08/2022,0:00,
24/08/2022,0:00,
25/08/2022,0:00,
26/08/2022,0:00,
27/08/2022,0:00,
28/08/2022,0:00,
29/08/2022,0:00,
30/08/2022,0:00,
31/08/2022,0:00,
01/09/2022,0:00,
02/09/2022,0:00,
03/09/2022,0:00,
04/09/2022,0:00,
05/09/2022,0:00,
06/09/2022,0:00,
07/09/2022,0:00,
08/09/2022,0:00,
09/09/2022,0:00,
10/09/2022,0:00,
11/09/2022,0:00,
12/09/2022,0:00,
13/09/2022,0:00,
14/09/2022,0:00,
15/09/2022,0:00,
16/09/2022,0:00,
17/09/2022,0:00,
18/09/2022,0:00,
19/09/2022,0:00,
20/09/2022,0:00,
21/09/2022,0:00,
22/09/2022,0:00,
23/09/2022,0:00,
24/09/2022,0:00,
25/09/2022,0:00,
26/09/2022,0:00,
27/09/2022,0:00,
28/09/2022,0:00,
29/09/2022,0:00,
30/09/2022,0:00,
01/10/2022,0:00,
02/10/2022,0:00,
03/10/2022,0:00,
04/10/2022,0:00,
05/10/2022,0:00,
06/10/2022,0:00,
07/10/2022,0:00,
08/10/2022,0:00,
09/10/2022,0:00,
10/10/2022,0:00,
11/10/2022,0:00,
12/10/2022,0:00,
13/10/2022,0:00,
14/10/2022,0:00,
15/10/2022,0:00,
16/10/2022,0:00,
17/10/2022,0:00,
18/10/2022,0:00,
19/10/2022,0:00,
20/10/2022,0:00,
21/10/2022,0:00,
22/10/2022,0:00,
23/10/2022,0:00,
24/10/2022,0:00,
25/10/2022,0:00,
26/10/2022,0:00,
27/10/2022,0:00,
28/10/2022,0:00,
29/10/2022,0:00,
30/10/2022,0:00,
31/10/2022,0:00,
01/11/2022,0:00,
02/11/2022,0:00,
03/11/2022,0:00,
04/11/2022,0:00,
05/11/2022,0:00,
06/11/2022,0:00,
07/11/2022,0:00,
08/11/2022,0:00,
09/11/2022,0:00,
10/11/2022,0:00,
11/11/2022,0:00,
12/11/2022,0:00,
13/11/2022,0:00,
14/11/2022,0:00,
15/11/2022,0:00,
16/11/2022,0:00,
17/11/2022,0:00,
18/11/2022,0:00,
19/11/2022,0:00,
20/11/2022,0:00,
21/11/2022,0:00,
22/11/2022,0:00,
23/11/2022,0:00,
24/11/2022,0:00,
25/11/2022,0:00,
26/11/2022,0:00,
27/11/2022,0:00,
28/11/2022,0:00,
29/11/2022,0:00,
30/11/2022,0:00,
01/12/2022,0:00,
02/12/2022,0:00,
03/12/2022,0:00,
04/12/2022,0:00,
05/12/2022,0:00,
06/12/2022,0:00,
07/12/2022,0:00,
08/12/2022,0:00,
09/12/2022,0:00,
10/12/2022,0:00,
11/12/2022,0:00,
12/12/2022,0:00,
13/12/2022,0:00,
14/12/2022,0:00,
15/12/2022,0:00,
16/12/2022,0:00,
17/12/2022,0:00,
18/12/2022,0:00,
19/12/2022,0:00,
20/12/2022,0:00,
21/12/2022,0:00,
22/12/2022,0:00,
23/12/2022,0:00,
24/12/2022,0:00,
25/12/2022,0:00,
26/12/2022,0:00,
27/12/2022,0:00,
28/12/2022,0:00,
29/12/2022,0:00,
30/12/2022,0:00,
31/12/2022,0:00,
01/01/2023,0:00,
02/01/2023,0:00,
03/01/2023,0:00,
04/01/2023,0:00,
05/01/2023,0:00,
06/01/2023,0:00,
07/01/2023,0:00,
08/01/2023,0:00,
09/01/2023,0:00,
10/01/2023,0:00,
11/01/2023,0:00,
12/01/2023,0:00,
13/01/2023,0:00,
14/01/2023,0:00,
15/01/2023,0:00,
16/01/2023,0:00,
17/01/2023,0:00,
18/01/2023,0:00,
19/01/2023,0:00,
20/01/2023,0:00,
21/01/2023,0:00,
22/01/2023,0:00,
23/01/2023,0:00,
24/01/2023,0:00,
25/01/2023,0:00,
26/01/2023,0:00,
27/01/2023,0:00,
28/01/2023,0:00,
29/01/2023,0:00,
30/01/2023,0:00,
31/01/2023,0:00,
01/02/2023,0:00,
02/02/2023,0:00,
03/02/2023,0:00,
04/02/2023,0:00,
05/02/2023,0:00,
06/02/2023,0:00,
07/02/2023,0:00,
08/02/2023,0:00,
09/02/2023,0:00,
10/02/2023,0:00,
11/02/2023,0:00,
12/02/2023,0:00,
13/02/2023,0:00,
14/02/2023,0:00,
15/02/2023,0:00,
16/02/2023,0:00,
17/02/2023,0:00,
18/02/2023,0:00,
19/02/2023,0:00,
20/02/2023,0:00,
21/02/2023,0:00,
22/02/2023,0:00,
23/02/2023,0:00,
24/02/2023,0:00,
25/02/2023,0:00,
26/02/2023,0:00,
27/02/2023,0:00,
28/02/2023,0:00,
01/03/2023,0:00,
02/03/2023,0:00,
03/03/2023,0:00,
04/03/2023,0:00,
05/03/2023,0:00,
06/03/2023,0:00,
07/03/2023,0:00,
08/03/2023,0:00,
09/03/2023,0:00,
10/03/2023,0:00,
11/03/2023,0:00,
12/03/2023,0:00,
13/03/2023,0:00,
14/03/2023,0:00,
15/03/2023,0:00,
16/03/2023,0:00,
17/03/2023,0:00,
18/03/2023,0:00,
19/03/2023,0:00,
20/03/2023,0:00,
21/03/2023,0:00,
22/03/2023,0:00,
23/03/2023,0:00,
24/03/2023,0:00,
25/03/2023,0:00,
26/03/2023,0:00,
27/03/2023,0:00,
28/03/2023,0:00,
29/03/2023,0:00,
30/03/2023,0:00,
31/03/2023,0:00,
01/04/2023,0:00,
02/04/2023,0:00,
03/04/2023,0:00,
04/04/2023,0:00,
05/04/2023,0:00,
06/04/2023,0:00,
07/04/2023,0:00,
08/04/2023,0:00,
09/04/2023,0:00,
10/04/2023,0:00,
11/04/2023,0:00,
12/04/2023,0:00,
13/04/2023,0:00,
14/04/2023,0:00,
15/04/2023,0:00,
16/04/2023,0:00,
17/04/2023,0:00,
18/04/2023,0:00,
19/04/2023,0:00,
20/04/2023,0:00,
21/04/2023,0:00,
22/04/2023,0:00,
23/04/2023,0:00,
24/04/2023,0:00,
25/04/2023,0:00,
26/04/2023,0:00,6.591229064
27/04/2023,0:00,5.987436169
28/04/2023,0:00,5.531984078
29/04/2023,0:00,5.378235175
30/04/2023,0:00,5.270185185
01/05/2023,0:00,5.079377824
02/05/2023,0:00,4.934213764
03/05/2023,0:00,5.12137255
04/05/2023,0:00,5.10034623
05/05/2023,0:00,4.852524499
06/05/2023,0:00,4.934213764
07/05/2023,0:00,6.248320818
08/05/2023,0:00,7.024289321
09/05/2023,0:00,10.70378255
10/05/2023,0:00,7.15519348
11/05/2023,0:00,6.176430388
12/05/2023,0:00,5.421867378
13/05/2023,0:00,5.711270864
14/05/2023,0:00,6.200331949
15/05/2023,0:00,5.421867378
16/05/2023,0:00,4.954779042
17/05/2023,0:00,4.612902357
18/05/2023,0:00,4.3624024
19/05/2023,0:00,4.231373358
20/05/2023,0:00,4.06681684
21/05/2023,0:00,3.959529174
22/05/2023,0:00,3.924192585
23/05/2023,0:00,3.767790923
24/05/2023,0:00,3.649074141
25/05/2023,0:00,3.532889843
26/05/2023,0:00,3.598972386
27/05/2023,0:00,3.941834351
28/05/2023,0:00,4.084885327
29/05/2023,0:00,3.836776782
30/05/2023,0:00,3.854154475
31/05/2023,0:00,3.582374791
01/06/2023,0:00,3.435297953
02/06/2023,0:00,3.230078838
03/06/2023,0:00,3.123058438
04/06/2023,0:00,3.07792946
05/06/2023,0:00,3.033239482
06/06/2023,0:00,2.988986325
07/06/2023,0:00,3.018440001
08/06/2023,0:00,2.916195868
09/06/2023,0:00,2.916195868
10/06/2023,0:00,2.844602681
11/06/2023,0:00,2.802217269
12/06/2023,0:00,2.746364456
13/06/2023,0:00,2.70496783
14/06/2023,0:00,2.663991344
15/06/2023,0:00,2.650425504
16/06/2023,0:00,2.650425504
17/06/2023,0:00,2.636906025
18/06/2023,0:00,2.570001211
19/06/2023,0:00,2.530409491
20/06/2023,0:00,2.478259055
21/06/2023,0:00,2.478259055
22/06/2023,0:00,2.478259055
23/06/2023,0:00,2.351043658
24/06/2023,0:00,2.301408261
25/06/2023,0:00,2.289110081
26/06/2023,0:00,2.264645963
27/06/2023,0:00,2.204253322
28/06/2023,0:00,2.204253322
29/06/2023,0:00,2.168540912
30/06/2023,0:00,2.168540912
01/07/2023,0:00,2.156723489
02/07/2023,0:00,2.156723489
03/07/2023,0:00,2.144949289
04/07/2023,0:00,2.156723489
05/07/2023,0:00,2.075207269
06/07/2023,0:00,2.075207269
07/07/2023,0:00,2.052302069
08/07/2023,0:00,2.018262818
09/07/2023,0:00,2.040913259
10/07/2023,0:00,1.984603896
11/07/2023,0:00,2.007001026
12/07/2023,0:00,1.973468399
13/07/2023,0:00,1.984603896
14/07/2023,0:00,1.973468399
15/07/2023,0:00,1.984603896
16/07/2023,0:00,1.962374839
17/07/2023,0:00,1.940313211
18/07/2023,0:00,1.940313211
19/07/2023,0:00,1.940313211
20/07/2023,0:00,1.962374839
21/07/2023,0:00,1.940313211
22/07/2023,0:00,1.907533295
23/07/2023,0:00,1.907533295
24/07/2023,0:00,1.885887431
25/07/2023,0:00,1.864406749
26/07/2023,0:00,1.885887431
27/07/2023,0:00,1.853728151
28/07/2023,0:00,1.832494038
29/07/2023,0:00,1.853728151
30/07/2023,0:00,1.853728151
31/07/2023,0:00,1.896689675
01/08/2023,0:00,1.853728151
02/08/2023,0:00,1.832494038
03/08/2023,0:00,1.853728151
04/08/2023,0:00,1.832494038
05/08/2023,0:00,1.864406749
06/08/2023,0:00,1.907533295
07/08/2023,0:00,1.907533295
08/08/2023,0:00,1.896689675
09/08/2023,0:00,1.885887431
10/08/2023,0:00,1.907533295
11/08/2023,0:00,1.832494038
12/08/2023,0:00,1.843090607
13/08/2023,0:00,1.864406749
14/08/2023,0:00,1.821938364
15/08/2023,0:00,1.780123003
16/08/2023,0:00,1.769770597
17/08/2023,0:00,1.718613155
18/08/2023,0:00,1.718613155
19/08/2023,0:00,1.708502023
20/08/2023,0:00,1.718613155
21/08/2023,0:00,1.629043783
22/08/2023,0:00,1.668456014
23/08/2023,0:00,1.648670997
24/08/2023,0:00,1.65854374
25/08/2023,0:00,
26/08/2023,0:00,
27/08/2023,0:00,
28/08/2023,0:00,
29/08/2023,0:00,
30/08/2023,0:00,
31/08/2023,0:00,
01/09/2023,0:00,
02/09/2023,0:00,
03/09/2023,0:00,
04/09/2023,0:00,
05/09/2023,0:00,
06/09/2023,0:00,
07/09/2023,0:00,
08/09/2023,0:00,
09/09/2023,0:00,
10/09/2023,0:00,
11/09/2023,0:00,
12/09/2023,0:00,
13/09/2023,0:00,
14/09/2023,0:00,
15/09/2023,0:00,
16/09/2023,0:00,
17/09/2023,0:00,
18/09/2023,0:00,
19/09/2023,0:00,
20/09/2023,0:00,
21/09/2023,0:00,
22/09/2023,0:00,
23/09/2023,0:00,
24/09/2023,0:00,
25/09/2023,0:00,
26/09/2023,0:00,
27/09/2023,0:00,
28/09/2023,0:00,
29/09/2023,0:00,
30/09/2023,0:00,
01/10/2023,0:00,
02/10/2023,0:00,
03/10/2023,0:00,
04/10/2023,0:00,
05/10/2023,0:00,
06/10/2023,0:00,
07/10/2023,0:00,
08/10/2023,0:00,
09/10/2023,0:00,
10/10/2023,0:00,
11/10/2023,0:00,
12/10/2023,0:00,
13/10/2023,0:00,
14/10/2023,0:00,
15/10/2023,0:00,
16/10/2023,0:00,
17/10/2023,0:00,
18/10/2023,0:00,
19/10/2023,0:00,
20/10/2023,0:00,
21/10/2023,0:00,
22/10/2023,0:00,
23/10/2023,0:00,
24/10/2023,0:00,
25/10/2023,0:00,
26/10/2023,0:00,
27/10/2023,0:00,
28/10/2023,0:00,
29/10/2023,0:00,
30/10/2023,0:00,
31/10/2023,0:00,
01/11/2023,0:00,
02/11/2023,0:00,
03/11/2023,0:00,
04/11/2023,0:00,
05/11/2023,0:00,
06/11/2023,0:00,
07/11/2023,0:00,
08/11/2023,0:00,
09/11/2023,0:00,
10/11/2023,0:00,
11/11/2023,0:00,
12/11/2023,0:00,
13/11/2023,0:00,
14/11/2023,0:00,
15/11/2023,0:00,
16/11/2023,0:00,
17/11/2023,0:00,
18/11/2023,0:00,
19/11/2023,0:00,
20/11/2023,0:00,
21/11/2023,0:00,
22/11/2023,0:00,
23/11/2023,0:00,
24/11/2023,0:00,
25/11/2023,0:00,
26/11/2023,0:00,
27/11/2023,0:00,
28/11/2023,0:00,
29/11/2023,0:00,
30/11/2023,0:00,
01/12/2023,0:00,
02/12/2023,0:00,
03/12/2023,0:00,
04/12/2023,0:00,
05/12/2023,0:00,
06/12/2023,0:00,
07/12/2023,0:00,
08/12/2023,0:00,
09/12/2023,0:00,
10/12/2023,0:00,
11/12/2023,0:00,
12/12/2023,0:00,
13/12/2023,0:00,
14/12/2023,0:00,
15/12/2023,0:00,
16/12/2023,0:00,
17/12/2023,0:00,
18/12/2023,0:00,
19/12/2023,0:00,
20/12/2023,0:00,
21/12/2023,0:00,
22/12/2023,0:00,
23/12/2023,0:00,
24/12/2023,0:00,
25/12/2023,0:00,
26/12/2023,0:00,
27/12/2023,0:00,
28/12/2023,0:00,
29/12/2023,0:00,
30/12/2023,0:00,
31/12/2023,0:00,
01/01/2024,0:00,
02/01/2024,0:00,
03/01/2024,0:00,
04/01/2024,0:00,
05/01/2024,0:00,
06/01/2024,0:00,
07/01/2024,0:00,
08/01/2024,0:00,
09/01/2024,0:00,
10/01/2024,0:00,
11/01/2024,0:00,
12/01/2024,0:00,
13/01/2024,0:00,
14/01/2024,0:00,
15/01/2024,0:00,
16/01/2024,0:00,
17/01/2024,0:00,
18/01/2024,0:00,
19/01/2024,0:00,
20/01/2024,0:00,
21/01/2024,0:00,
22/01/2024,0:00,
23/01/2024,0:00,
24/01/2024,0:00,
25/01/2024,0:00,
26/01/2024,0:00,
27/01/2024,0:00,
28/01/2024,0:00,
29/01/2024,0:00,
30/01/2024,0:00,
31/01/2024,0:00,
01/02/2024,0:00,
02/02/2024,0:00,
03/02/2024,0:00,
04/02/2024,0:00,
05/02/2024,0:00,
06/02/2024,0:00,
07/02/2024,0:00,
08/02/2024,0:00,
09/02/2024,0:00,
10/02/2024,0:00,
11/02/2024,0:00,
12/02/2024,0:00,
13/02/2024,0:00,
14/02/2024,0:00,25.4477582
15/02/2024,0:00,40.80848013
16/02/2024,0:00,31.5522402
17/02/2024,0:00,23.5261634
18/02/2024,0:00,21.4284538
19/02/2024,0:00,24.11582292
20/02/2024,0:00,40.13562524
21/02/2024,0:00,20.56158024
22/02/2024,0:00,15.58091699
23/02/2024,0:00,13.38618535
24/02/2024,0:00,12.63909866
25/02/2024,0:00,27.47177051
26/02/2024,0:00,59.09222073
27/02/2024,0:00,47.86321603
28/02/2024,0:00,78.71923936
29/02/2024,0:00,70.36637341
01/03/2024,0:00,135.5972406
02/03/2024,0:00,98.27912836
03/03/2024,0:00,51.62866016
04/03/2024,0:00,118.0752161
05/03/2024,0:00,72.45804734
06/03/2024,0:00,54.24614371
07/03/2024,0:00,60.84345975
08/03/2024,0:00,60.51248971
09/03/2024,0:00,39.9685809
10/03/2024,0:00,28.45654693
11/03/2024,0:00,32.34181839
12/03/2024,0:00,23.99710801
13/03/2024,0:00,20.82990423
14/03/2024,0:00,18.6976732
15/03/2024,0:00,16.16491637
16/03/2024,0:00,13.70939853
17/03/2024,0:00,17.13897999
18/03/2024,0:00,46.83547364
19/03/2024,0:00,20.13709487
20/03/2024,0:00,50.84064861
21/03/2024,0:00,23.40940273
22/03/2024,0:00,35.32450507
23/03/2024,0:00,40.13562524
24/03/2024,0:00,25.20201323
25/03/2024,0:00,139.7997808
26/03/2024,0:00,60.18272803
27/03/2024,0:00,75.35369708
28/03/2024,0:00,59.7449216
29/03/2024,0:00,56.52918378
30/03/2024,0:00,63.76281783
31/03/2024,0:00,47.20746945
01/04/2024,0:00,37.75886403
02/04/2024,0:00,56.52918378
03/04/2024,0:00,35.94234118
04/04/2024,0:00,26.63699049
05/04/2024,0:00,28.32389892
06/04/2024,0:00,23.5261634
07/04/2024,0:00,21.53850421
08/04/2024,0:00,19.77052089
09/04/2024,0:00,32.48678546
10/04/2024,0:00,18.74785449
11/04/2024,0:00,28.39017102
12/04/2024,0:00,30.49650344
13/04/2024,0:00,34.94199407
14/04/2024,0:00,16.71684658
15/04/2024,0:00,13.10759603
16/04/2024,0:00,11.37287487
17/04/2024,0:00,10.32874355
18/04/2024,0:00,9.573226186
19/04/2024,0:00,10.32874355
20/04/2024,0:00,9.445733534
21/04/2024,0:00,8.674583844
22/04/2024,0:00,8.290801567
23/04/2024,0:00,7.862310346
24/04/2024,0:00,7.314423611
25/04/2024,0:00,11.22975023
26/04/2024,0:00,8.290801567
27/04/2024,0:00,7.585053047
28/04/2024,0:00,7.287722068
29/04/2024,0:00,6.566327531
30/04/2024,0:00,6.345043825
01/05/2024,0:00,6.12881261
02/05/2024,0:00,5.964087957
03/05/2024,0:00,6.442764855
04/05/2024,0:00,6.01084554
05/05/2024,0:00,5.643589167
06/05/2024,0:00,5.711270864
07/05/2024,0:00,5.825278465
08/05/2024,0:00,5.356507566
09/05/2024,0:00,4.996081719
10/05/2024,0:00,4.872861201
11/05/2024,0:00,4.893254925
12/05/2024,0:00,4.632561106
13/05/2024,0:00,4.419379847
14/05/2024,0:00,4.305919211
15/05/2024,0:00,5.825278465
16/05/2024,0:00,5.964087957
17/05/2024,0:00,6.998302526
18/05/2024,0:00,6.818196106
19/05/2024,0:00,5.666089683
20/05/2024,0:00,5.711270864
21/05/2024,0:00,5.058467251
22/05/2024,0:00,4.672046836
23/05/2024,0:00,4.400332312
24/05/2024,0:00,4.121183494
25/05/2024,0:00,4.012932795
26/05/2024,0:00,3.871584821
27/05/2024,0:00,3.767790923
28/05/2024,0:00,3.784958812
29/05/2024,0:00,3.615621422
30/05/2024,0:00,3.582374791
31/05/2024,0:00,3.419210327
01/06/2024,0:00,3.308007897
02/06/2024,0:00,3.230078838
03/06/2024,0:00,3.138199362
04/06/2024,0:00,3.048087498
05/06/2024,0:00,2.974331969
06/06/2024,0:00,2.816298386
07/06/2024,0:00,2.873096928
08/06/2024,0:00,2.802217269
09/06/2024,0:00,2.70496783
10/06/2024,0:00,2.718719916
11/06/2024,0:00,2.746364456
12/06/2024,0:00,2.732518764
13/06/2024,0:00,2.732518764
14/06/2024,0:00,2.691262427
15/06/2024,0:00,2.760257072
16/06/2024,0:00,2.691262427
17/06/2024,0:00,2.650425504
18/06/2024,0:00,2.650425504
19/06/2024,0:00,2.570001211
20/06/2024,0:00,2.916195868
21/06/2024,0:00,2.746364456
22/06/2024,0:00,2.732518764
23/06/2024,0:00,2.650425504
24/06/2024,0:00,2.623432825
25/06/2024,0:00,2.570001211
26/06/2024,0:00,2.543560988
27/06/2024,0:00,2.51730363
28/06/2024,0:00,2.478259055
29/06/2024,0:00,2.465334931
30/06/2024,0:00,2.439622303
01/07/2024,0:00,2.38873727
02/07/2024,0:00,2.38873727
03/07/2024,0:00,2.38873727
04/07/2024,0:00,2.414089964
05/07/2024,0:00,2.301408261
06/07/2024,0:00,2.276856009
07/07/2024,0:00,2.276856009
08/07/2024,0:00,2.264645963
09/07/2024,0:00,2.240357631
10/07/2024,0:00,2.204253322
11/07/2024,0:00,2.156723489
12/07/2024,0:00,2.156723489
13/07/2024,0:00,2.075207269
14/07/2024,0:00,2.075207269
15/07/2024,0:00,2.075207269
16/07/2024,0:00,2.109885222
17/07/2024,0:00,2.133218231
18/07/2024,0:00,2.156723489
19/07/2024,0:00,2.075207269
20/07/2024,0:00,2.075207269
21/07/2024,0:00,2.075207269
22/07/2024,0:00,2.075207269
23/07/2024,0:00,2.018262818
24/07/2024,0:00,2.040913259
25/07/2024,0:00,1.885887431
26/07/2024,0:00,2.007001026
27/07/2024,0:00,1.973468399
28/07/2024,0:00,1.984603896
29/07/2024,0:00,1.962374839
30/07/2024,0:00,1.962374839
31/07/2024,0:00,1.962374839
01/08/2024,0:00,2.018262818
02/08/2024,0:00,2.018262818
03/08/2024,0:00,1.885887431
04/08/2024,0:00,1.929344982
05/08/2024,0:00,1.962374839
06/08/2024,0:00,1.940313211
07/08/2024,0:00,1.885887431
08/08/2024,0:00,1.853728151
09/08/2024,0:00,1.853728151
10/08/2024,0:00,1.853728151
11/08/2024,0:00,1.800949376
12/08/2024,0:00,1.790515903
13/08/2024,0:00,1.780123003
14/08/2024,0:00,1.638837705
15/08/2024,0:00,1.759458603
16/08/2024,0:00,1.749186942
17/08/2024,0:00,1.718613155
18/08/2024,0:00,1.749186942
19/08/2024,0:00,1.718613155
20/08/2024,0:00,1.698430823
21/08/2024,0:00,1.580661933
22/08/2024,0:00,1.629043783
23/08/2024,0:00,1.65854374
24/08/2024,0:00,1.638837705
25/08/2024,0:00,1.629043783
26/08/2024,0:00,1.619289152
27/08/2024,0:00,1.648670997
28/08/2024,0:00,1.580661933
29/08/2024,0:00,1.599897442
30/08/2024,0:00,1.708502023
31/08/2024,0:00,1.638837705
01/09/2024,0:00,1.648670997
02/09/2024,0:00,1.468493207
03/09/2024,0:00,1.65854374
04/09/2024,0:00,1.629043783
05/09/2024,0:00,1.65854374
06/09/2024,0:00,1.514558479
07/09/2024,0:00,1.599897442
08/09/2024,0:00,1.629043783
09/09/2024,0:00,1.561581983
10/09/2024,0:00,1.590260202
11/09/2024,0:00,1.590260202
12/09/2024,0:00,1.523886201
13/09/2024,0:00,1.590260202
14/09/2024,0:00,1.580661933
15/09/2024,0:00,1.441309832
16/09/2024,0:00,1.648670997
17/09/2024,0:00,1.414465656
18/09/2024,0:00,1.571102553
19/09/2024,0:00,1.648670997
20/09/2024,0:00,1.561581983
21/09/2024,0:00,1.619289152
22/09/2024,0:00,1.477630083
23/09/2024,0:00,1.496017942
24/09/2024,0:00,1.441309832
25/09/2024,0:00,1.561581983
26/09/2024,0:00,1.514558479
27/09/2024,0:00,1.523886201
28/09/2024,0:00,1.929344982
29/09/2024,0:00,1.780123003
30/09/2024,0:00,1.780123003
01/10/2024,0:00,1.718613155
02/10/2024,0:00,1.885887431
03/10/2024,0:00,1.590260202
04/10/2024,0:00,1.769770597
05/10/2024,0:00,1.790515903
06/10/2024,0:00,1.759458603
07/10/2024,0:00,1.668456014
08/10/2024,0:00,1.638837705
09/10/2024,0:00,1.708502023
10/10/2024,0:00,1.580661933
11/10/2024,0:00,1.561581983
12/10/2024,0:00,1.514558479
13/10/2024,0:00,1.496017942
14/10/2024,0:00,1.619289152
15/10/2024,0:00,1.542656953
16/10/2024,0:00,2.301408261
17/10/2024,0:00,1.668456014
18/10/2024,0:00,1.65854374
19/10/2024,0:00,1.638837705
20/10/2024,0:00,1.533252332
21/10/2024,0:00,1.477630083
22/10/2024,0:00,1.468493207
23/10/2024,0:00,1.496017942
24/10/2024,0:00,1.599897442
25/10/2024,0:00,1.800949376
26/10/2024,0:00,2.478259055
27/10/2024,0:00,1.929344982
28/10/2024,0:00,1.790515903
29/10/2024,0:00,1.800949376
30/10/2024,0:00,1.718613155
31/10/2024,0:00,1.65854374
01/11/2024,0:00,1.780123003
02/11/2024,0:00,1.648670997
03/11/2024,0:00,1.561581983
04/11/2024,0:00,2.144949289
05/11/2024,0:00,1.542656953
06/11/2024,0:00,2.168540912
07/11/2024,0:00,2.478259055
08/11/2024,0:00,1.907533295
09/11/2024,0:00,1.790515903
10/11/2024,0:00,1.843090607
11/11/2024,0:00,3.048087498
12/11/2024,0:00,2.746364456
13/11/2024,0:00,2.439622303
14/11/2024,0:00,2.052302069
15/11/2024,0:00,2.192305748
16/11/2024,0:00,2.313750628
17/11/2024,0:00,3.63232198
18/11/2024,0:00,3.276686875
19/11/2024,0:00,2.583290097
20/11/2024,0:00,2.168540912
21/11/2024,0:00,2.040913259
22/11/2024,0:00,2.351043658
23/11/2024,0:00,2.988986325
24/11/2024,0:00,3.500155603
25/11/2024,0:00,4.954779042
26/11/2024,0:00,5.142456864
27/11/2024,0:00,4.476853735
28/11/2024,0:00,4.084885327
29/11/2024,0:00,7.91856431
30/11/2024,0:00,10.32874355
01/12/2024,0:00,8.031879953
02/12/2024,0:00,10.70378255
03/12/2024,0:00,10.09472685
04/12/2024,0:00,10.87722872
05/12/2024,0:00,11.73602229
06/12/2024,0:00,7.128883019
07/12/2024,0:00,5.487759359
08/12/2024,0:00,4.672046836
09/12/2024,0:00,5.12137255
10/12/2024,0:00,10.02852353
11/12/2024,0:00,6.691467896
12/12/2024,0:00,11.92047388
13/12/2024,0:00,10.56636729
14/12/2024,0:00,9.225367553
15/12/2024,0:00,
16/12/2024,0:00,
17/12/2024,0:00,
18/12/2024,0:00,
19/12/2024,0:00,
20/12/2024,0:00,
21/12/2024,0:00,
22/12/2024,0:00,
23/12/2024,0:00,
24/12/2024,0:00,10.98219481
25/12/2024,0:00,8.795021058
26/12/2024,0:00,9.350864139
27/12/2024,0:00,8.886080518
28/12/2024,0:00,11.12320227
29/12/2024,0:00,8.175045686
30/12/2024,0:00,8.644648175
31/12/2024,0:00,7.34119062
01/01/2025,0:00,21.75973972
02/01/2025,0:00,
03/01/2025,0:00,
04/01/2025,0:00,
05/01/2025,0:00,
06/01/2025,0:00,
07/01/2025,0:00,
08/01/2025,0:00,26.51009105
09/01/2025,0:00,
10/01/2025,0:00,
11/01/2025,0:00,12.83291806
12/01/2025,0:00,
13/01/2025,0:00,24.65491074
14/01/2025,0:00,
15/01/2025,0:00,11.48101672
16/01/2025,0:00,9.256635236
17/01/2025,0:00,8.060377612
18/01/2025,0:00,7.102637454
19/01/2025,0:00,11.95759574
20/01/2025,0:00,25229804219
21/01/2025,0:00,23499415436
22/01/2025,0:00,33162201655
23/01/2025,0:00,32457983577
24/01/2025,0:00,44793470298
25/01/2025,0:00,30183046417
26/01/2025,0:00,24643844418
27/01/2025,0:00,46749319288
28/01/2025,0:00,34036722726
29/01/2025,0:00,31155263339
30/01/2025,0:00,22029662023
31/01/2025,0:00,19830624339
01/02/2025,0:00,49789108284
02/02/2025,0:00,95717205245
03/02/2025,0:00,74309605699
04/02/2025,0:00,38120298062
05/02/2025,0:00,30.49650344
06/02/2025,0:00,25361272686
07/02/2025,0:00,22089636379
08/02/2025,0:00,18573889161
09/02/2025,0:00,27736859132
10/02/2025,0:00,29594981539
11/02/2025,0:00,47147231763
12/02/2025,0:00,75670999888
13/02/2025,0:00,1.17933E+11
14/02/2025,0:00,1.63124E+11
15/02/2025,0:00,90988001789
16/02/2025,0:00,38.00024089
17/02/2025,0:00,50100173176
18/02/2025,0:00,72298434189
19/02/2025,0:00,40866170263
20/02/2025,0:00,33004833000
21/02/2025,0:00,68002897773
22/02/2025,0:00,34601203031
23/02/2025,0:00,70454546974
24/02/2025,0:00,73904411068
